Command line invocation:
    /Applications/Xcode.app/Contents/Developer/usr/bin/xcodebuild -workspace SocialApp.xcworkspace -scheme SocialApp -destination generic/platform=iOS -configuration Debug CODE_SIGNING_ALLOWED=NO CODE_SIGNING_REQUIRED=NO build

Build settings from command line:
    CODE_SIGNING_ALLOWED = NO
    CODE_SIGNING_REQUIRED = NO

Resolve Package Graph


Resolved source packages:
  swift-crypto: https://github.com/apple/swift-crypto.git @ 4.0.0
  InteropForGoogle: https://github.com/google/interop-ios-for-google-sdks.git @ 101.0.0
  swift-collections: https://github.com/apple/swift-collections @ 1.2.1
  swift-composable-architecture: https://github.com/pointfreeco/swift-composable-architecture @ 1.22.3
  Firebase: https://github.com/firebase/firebase-ios-sdk @ 11.15.0
  Promises: https://github.com/google/promises.git @ 2.4.0
  abseil: https://github.com/google/abseil-cpp-binary.git @ 1.2024072200.0
  xctest-dynamic-overlay: https://github.com/pointfreeco/xctest-dynamic-overlay @ 1.6.1
  gRPC: https://github.com/google/grpc-binary.git @ 1.69.1
  leveldb: https://github.com/firebase/leveldb.git @ 1.22.5
  swift-perception: https://github.com/pointfreeco/swift-perception @ 2.0.8
  swift-http-types: https://github.com/apple/swift-http-types.git @ 1.4.0
  swift-identified-collections: https://github.com/pointfreeco/swift-identified-collections @ 1.1.1
  swift-dependencies: https://github.com/pointfreeco/swift-dependencies @ 1.10.0
  swift-syntax: https://github.com/swiftlang/swift-syntax @ 602.0.0
  swift-clocks: https://github.com/pointfreeco/swift-clocks @ 1.0.6
  swift-custom-dump: https://github.com/pointfreeco/swift-custom-dump @ 1.3.3
  AppCheck: https://github.com/google/app-check.git @ 11.2.0
  swift-asn1: https://github.com/apple/swift-asn1.git @ 1.5.0
  GTMSessionFetcher: https://github.com/google/gtm-session-fetcher.git @ 4.5.0
  SwiftProtobuf: https://github.com/apple/swift-protobuf.git @ 1.33.3
  swift-navigation: https://github.com/pointfreeco/swift-navigation @ 2.5.0
  swift-case-paths: https://github.com/pointfreeco/swift-case-paths @ 1.7.2
  GoogleAppMeasurement: https://github.com/google/GoogleAppMeasurement.git @ 11.15.0
  GoogleAdsOnDeviceConversion: https://github.com/googleads/google-ads-on-device-conversion-ios-sdk @ 2.3.0
  Supabase: https://github.com/supabase/supabase-swift @ 2.36.0
  nanopb: https://github.com/firebase/nanopb.git @ 2.30910.0
  GoogleDataTransport: https://github.com/google/GoogleDataTransport.git @ 10.1.0
  combine-schedulers: https://github.com/pointfreeco/combine-schedulers @ 1.0.3
  swift-concurrency-extras: https://github.com/pointfreeco/swift-concurrency-extras @ 1.3.2
  GoogleUtilities: https://github.com/google/GoogleUtilities.git @ 8.1.0
  swift-sharing: https://github.com/pointfreeco/swift-sharing @ 2.7.4

ComputePackagePrebuildTargetDependencyGraph

Prepare packages

CreateBuildRequest

SendProjectDescription

CreateBuildOperation

ComputeTargetDependencyGraph
note: Building targets in dependency order
note: Target dependency graph (102 targets)
    Target 'SocialApp' in project 'SocialApp'
        ➜ Explicit dependency on target 'ComposableArchitecture' in project 'swift-composable-architecture'
        ➜ Explicit dependency on target 'Supabase' in project 'Supabase'
        ➜ Explicit dependency on target 'FirebaseCore' in project 'Firebase'
        ➜ Explicit dependency on target 'FirebaseMessaging' in project 'Firebase'
    Target 'FirebaseMessaging' in project 'Firebase'
        ➜ Explicit dependency on target 'FirebaseMessaging' in project 'Firebase'
        ➜ Explicit dependency on target 'Firebase_FirebaseMessaging' in project 'Firebase'
        ➜ Explicit dependency on target 'Firebase' in project 'Firebase'
        ➜ Explicit dependency on target 'FirebaseCoreInternal' in project 'Firebase'
        ➜ Explicit dependency on target 'FirebaseCore' in project 'Firebase'
        ➜ Explicit dependency on target 'FirebaseInstallations' in project 'Firebase'
        ➜ Explicit dependency on target 'GULNSData' in project 'GoogleUtilities'
        ➜ Explicit dependency on target 'GULEnvironment' in project 'GoogleUtilities'
        ➜ Explicit dependency on target 'GULLogger' in project 'GoogleUtilities'
        ➜ Explicit dependency on target 'FBLPromises' in project 'Promises'
        ➜ Explicit dependency on target 'GULUserDefaults' in project 'GoogleUtilities'
        ➜ Explicit dependency on target 'GULAppDelegateSwizzler' in project 'GoogleUtilities'
        ➜ Explicit dependency on target 'GULReachability' in project 'GoogleUtilities'
        ➜ Explicit dependency on target 'GoogleDataTransport' in project 'GoogleDataTransport'
        ➜ Explicit dependency on target 'nanopb' in project 'nanopb'
    Target 'FirebaseMessaging' in project 'Firebase'
        ➜ Explicit dependency on target 'Firebase_FirebaseMessaging' in project 'Firebase'
        ➜ Explicit dependency on target 'Firebase' in project 'Firebase'
        ➜ Explicit dependency on target 'FirebaseCoreInternal' in project 'Firebase'
        ➜ Explicit dependency on target 'FirebaseCore' in project 'Firebase'
        ➜ Explicit dependency on target 'FirebaseInstallations' in project 'Firebase'
        ➜ Explicit dependency on target 'GULNSData' in project 'GoogleUtilities'
        ➜ Explicit dependency on target 'GULEnvironment' in project 'GoogleUtilities'
        ➜ Explicit dependency on target 'GULLogger' in project 'GoogleUtilities'
        ➜ Explicit dependency on target 'FBLPromises' in project 'Promises'
        ➜ Explicit dependency on target 'GULUserDefaults' in project 'GoogleUtilities'
        ➜ Explicit dependency on target 'GULAppDelegateSwizzler' in project 'GoogleUtilities'
        ➜ Explicit dependency on target 'GULReachability' in project 'GoogleUtilities'
        ➜ Explicit dependency on target 'GoogleDataTransport' in project 'GoogleDataTransport'
        ➜ Explicit dependency on target 'nanopb' in project 'nanopb'
    Target 'GoogleDataTransport' in project 'GoogleDataTransport'
        ➜ Explicit dependency on target 'GoogleDataTransport' in project 'GoogleDataTransport'
        ➜ Explicit dependency on target 'GoogleDataTransport_GoogleDataTransport' in project 'GoogleDataTransport'
        ➜ Explicit dependency on target 'nanopb' in project 'nanopb'
        ➜ Explicit dependency on target 'FBLPromises' in project 'Promises'
    Target 'GoogleDataTransport' in project 'GoogleDataTransport'
        ➜ Explicit dependency on target 'GoogleDataTransport_GoogleDataTransport' in project 'GoogleDataTransport'
        ➜ Explicit dependency on target 'nanopb' in project 'nanopb'
        ➜ Explicit dependency on target 'FBLPromises' in project 'Promises'
    Target 'nanopb' in project 'nanopb'
        ➜ Explicit dependency on target 'nanopb' in project 'nanopb'
        ➜ Explicit dependency on target 'nanopb_nanopb' in project 'nanopb'
    Target 'nanopb' in project 'nanopb'
        ➜ Explicit dependency on target 'nanopb_nanopb' in project 'nanopb'
    Target 'nanopb_nanopb' in project 'nanopb' (no dependencies)
    Target 'GoogleDataTransport_GoogleDataTransport' in project 'GoogleDataTransport' (no dependencies)
    Target 'GULReachability' in project 'GoogleUtilities'
        ➜ Explicit dependency on target 'GoogleUtilities-Reachability' in project 'GoogleUtilities'
        ➜ Explicit dependency on target 'GoogleUtilities_GoogleUtilities-Reachability' in project 'GoogleUtilities'
        ➜ Explicit dependency on target 'third-party-IsAppEncrypted' in project 'GoogleUtilities'
        ➜ Explicit dependency on target 'GoogleUtilities-Environment' in project 'GoogleUtilities'
        ➜ Explicit dependency on target 'GoogleUtilities-Logger' in project 'GoogleUtilities'
    Target 'GULAppDelegateSwizzler' in project 'GoogleUtilities'
        ➜ Explicit dependency on target 'GoogleUtilities-AppDelegateSwizzler' in project 'GoogleUtilities'
        ➜ Explicit dependency on target 'GoogleUtilities_GoogleUtilities-AppDelegateSwizzler' in project 'GoogleUtilities'
        ➜ Explicit dependency on target 'third-party-IsAppEncrypted' in project 'GoogleUtilities'
        ➜ Explicit dependency on target 'GoogleUtilities-Environment' in project 'GoogleUtilities'
        ➜ Explicit dependency on target 'GoogleUtilities-Logger' in project 'GoogleUtilities'
        ➜ Explicit dependency on target 'GoogleUtilities-NSData' in project 'GoogleUtilities'
        ➜ Explicit dependency on target 'GoogleUtilities-Reachability' in project 'GoogleUtilities'
        ➜ Explicit dependency on target 'GoogleUtilities-Network' in project 'GoogleUtilities'
    Target 'GoogleUtilities-AppDelegateSwizzler' in project 'GoogleUtilities'
        ➜ Explicit dependency on target 'GoogleUtilities_GoogleUtilities-AppDelegateSwizzler' in project 'GoogleUtilities'
        ➜ Explicit dependency on target 'third-party-IsAppEncrypted' in project 'GoogleUtilities'
        ➜ Explicit dependency on target 'GoogleUtilities-Environment' in project 'GoogleUtilities'
        ➜ Explicit dependency on target 'GoogleUtilities-Logger' in project 'GoogleUtilities'
        ➜ Explicit dependency on target 'GoogleUtilities-NSData' in project 'GoogleUtilities'
        ➜ Explicit dependency on target 'GoogleUtilities-Reachability' in project 'GoogleUtilities'
        ➜ Explicit dependency on target 'GoogleUtilities-Network' in project 'GoogleUtilities'
    Target 'GoogleUtilities-Network' in project 'GoogleUtilities'
        ➜ Explicit dependency on target 'GoogleUtilities_GoogleUtilities-Network' in project 'GoogleUtilities'
        ➜ Explicit dependency on target 'third-party-IsAppEncrypted' in project 'GoogleUtilities'
        ➜ Explicit dependency on target 'GoogleUtilities-Environment' in project 'GoogleUtilities'
        ➜ Explicit dependency on target 'GoogleUtilities-Logger' in project 'GoogleUtilities'
        ➜ Explicit dependency on target 'GoogleUtilities-NSData' in project 'GoogleUtilities'
        ➜ Explicit dependency on target 'GoogleUtilities-Reachability' in project 'GoogleUtilities'
    Target 'GoogleUtilities_GoogleUtilities-Network' in project 'GoogleUtilities' (no dependencies)
    Target 'GoogleUtilities-Reachability' in project 'GoogleUtilities'
        ➜ Explicit dependency on target 'GoogleUtilities_GoogleUtilities-Reachability' in project 'GoogleUtilities'
        ➜ Explicit dependency on target 'third-party-IsAppEncrypted' in project 'GoogleUtilities'
        ➜ Explicit dependency on target 'GoogleUtilities-Environment' in project 'GoogleUtilities'
        ➜ Explicit dependency on target 'GoogleUtilities-Logger' in project 'GoogleUtilities'
    Target 'GoogleUtilities_GoogleUtilities-Reachability' in project 'GoogleUtilities' (no dependencies)
    Target 'GoogleUtilities_GoogleUtilities-AppDelegateSwizzler' in project 'GoogleUtilities' (no dependencies)
    Target 'FirebaseInstallations' in project 'Firebase'
        ➜ Explicit dependency on target 'Firebase_FirebaseInstallations' in project 'Firebase'
        ➜ Explicit dependency on target 'Firebase' in project 'Firebase'
        ➜ Explicit dependency on target 'FirebaseCoreInternal' in project 'Firebase'
        ➜ Explicit dependency on target 'FirebaseCore' in project 'Firebase'
        ➜ Explicit dependency on target 'GULNSData' in project 'GoogleUtilities'
        ➜ Explicit dependency on target 'GULEnvironment' in project 'GoogleUtilities'
        ➜ Explicit dependency on target 'GULLogger' in project 'GoogleUtilities'
        ➜ Explicit dependency on target 'FBLPromises' in project 'Promises'
        ➜ Explicit dependency on target 'GULUserDefaults' in project 'GoogleUtilities'
    Target 'GULUserDefaults' in project 'GoogleUtilities'
        ➜ Explicit dependency on target 'GoogleUtilities-UserDefaults' in project 'GoogleUtilities'
        ➜ Explicit dependency on target 'GoogleUtilities_GoogleUtilities-UserDefaults' in project 'GoogleUtilities'
        ➜ Explicit dependency on target 'third-party-IsAppEncrypted' in project 'GoogleUtilities'
        ➜ Explicit dependency on target 'GoogleUtilities-Environment' in project 'GoogleUtilities'
        ➜ Explicit dependency on target 'GoogleUtilities-Logger' in project 'GoogleUtilities'
    Target 'GoogleUtilities-UserDefaults' in project 'GoogleUtilities'
        ➜ Explicit dependency on target 'GoogleUtilities_GoogleUtilities-UserDefaults' in project 'GoogleUtilities'
        ➜ Explicit dependency on target 'third-party-IsAppEncrypted' in project 'GoogleUtilities'
        ➜ Explicit dependency on target 'GoogleUtilities-Environment' in project 'GoogleUtilities'
        ➜ Explicit dependency on target 'GoogleUtilities-Logger' in project 'GoogleUtilities'
    Target 'GoogleUtilities_GoogleUtilities-UserDefaults' in project 'GoogleUtilities' (no dependencies)
    Target 'FBLPromises' in project 'Promises'
        ➜ Explicit dependency on target 'FBLPromises' in project 'Promises'
        ➜ Explicit dependency on target 'Promises_FBLPromises' in project 'Promises'
    Target 'FBLPromises' in project 'Promises'
        ➜ Explicit dependency on target 'Promises_FBLPromises' in project 'Promises'
    Target 'Promises_FBLPromises' in project 'Promises' (no dependencies)
    Target 'Firebase_FirebaseInstallations' in project 'Firebase' (no dependencies)
    Target 'Firebase_FirebaseMessaging' in project 'Firebase' (no dependencies)
    Target 'FirebaseCore' in project 'Firebase'
        ➜ Explicit dependency on target 'FirebaseCore' in project 'Firebase'
        ➜ Explicit dependency on target 'Firebase_FirebaseCore' in project 'Firebase'
        ➜ Explicit dependency on target 'Firebase' in project 'Firebase'
        ➜ Explicit dependency on target 'FirebaseCoreInternal' in project 'Firebase'
        ➜ Explicit dependency on target 'GULNSData' in project 'GoogleUtilities'
        ➜ Explicit dependency on target 'GULEnvironment' in project 'GoogleUtilities'
        ➜ Explicit dependency on target 'GULLogger' in project 'GoogleUtilities'
    Target 'FirebaseCore' in project 'Firebase'
        ➜ Explicit dependency on target 'Firebase_FirebaseCore' in project 'Firebase'
        ➜ Explicit dependency on target 'Firebase' in project 'Firebase'
        ➜ Explicit dependency on target 'FirebaseCoreInternal' in project 'Firebase'
        ➜ Explicit dependency on target 'GULNSData' in project 'GoogleUtilities'
        ➜ Explicit dependency on target 'GULEnvironment' in project 'GoogleUtilities'
        ➜ Explicit dependency on target 'GULLogger' in project 'GoogleUtilities'
    Target 'GULLogger' in project 'GoogleUtilities'
        ➜ Explicit dependency on target 'GoogleUtilities-Logger' in project 'GoogleUtilities'
        ➜ Explicit dependency on target 'GoogleUtilities_GoogleUtilities-Logger' in project 'GoogleUtilities'
        ➜ Explicit dependency on target 'third-party-IsAppEncrypted' in project 'GoogleUtilities'
        ➜ Explicit dependency on target 'GoogleUtilities-Environment' in project 'GoogleUtilities'
    Target 'GoogleUtilities-Logger' in project 'GoogleUtilities'
        ➜ Explicit dependency on target 'GoogleUtilities_GoogleUtilities-Logger' in project 'GoogleUtilities'
        ➜ Explicit dependency on target 'third-party-IsAppEncrypted' in project 'GoogleUtilities'
        ➜ Explicit dependency on target 'GoogleUtilities-Environment' in project 'GoogleUtilities'
    Target 'GoogleUtilities_GoogleUtilities-Logger' in project 'GoogleUtilities' (no dependencies)
    Target 'GULEnvironment' in project 'GoogleUtilities'
        ➜ Explicit dependency on target 'GoogleUtilities-Environment' in project 'GoogleUtilities'
        ➜ Explicit dependency on target 'GoogleUtilities_GoogleUtilities-Environment' in project 'GoogleUtilities'
        ➜ Explicit dependency on target 'third-party-IsAppEncrypted' in project 'GoogleUtilities'
    Target 'GoogleUtilities-Environment' in project 'GoogleUtilities'
        ➜ Explicit dependency on target 'GoogleUtilities_GoogleUtilities-Environment' in project 'GoogleUtilities'
        ➜ Explicit dependency on target 'third-party-IsAppEncrypted' in project 'GoogleUtilities'
    Target 'third-party-IsAppEncrypted' in project 'GoogleUtilities' (no dependencies)
    Target 'GoogleUtilities_GoogleUtilities-Environment' in project 'GoogleUtilities' (no dependencies)
    Target 'FirebaseCoreInternal' in project 'Firebase'
        ➜ Explicit dependency on target 'Firebase_FirebaseCoreInternal' in project 'Firebase'
        ➜ Explicit dependency on target 'GULNSData' in project 'GoogleUtilities'
    Target 'GULNSData' in project 'GoogleUtilities'
        ➜ Explicit dependency on target 'GoogleUtilities-NSData' in project 'GoogleUtilities'
        ➜ Explicit dependency on target 'GoogleUtilities_GoogleUtilities-NSData' in project 'GoogleUtilities'
    Target 'GoogleUtilities-NSData' in project 'GoogleUtilities'
        ➜ Explicit dependency on target 'GoogleUtilities_GoogleUtilities-NSData' in project 'GoogleUtilities'
    Target 'GoogleUtilities_GoogleUtilities-NSData' in project 'GoogleUtilities' (no dependencies)
    Target 'Firebase_FirebaseCoreInternal' in project 'Firebase' (no dependencies)
    Target 'Firebase' in project 'Firebase' (no dependencies)
    Target 'Firebase_FirebaseCore' in project 'Firebase' (no dependencies)
    Target 'Supabase' in project 'Supabase'
        ➜ Explicit dependency on target 'Supabase' in project 'Supabase'
        ➜ Explicit dependency on target 'Functions' in project 'Supabase'
        ➜ Explicit dependency on target 'PostgREST' in project 'Supabase'
        ➜ Explicit dependency on target 'Auth' in project 'Supabase'
        ➜ Explicit dependency on target 'Realtime' in project 'Supabase'
        ➜ Explicit dependency on target 'Storage' in project 'Supabase'
        ➜ Explicit dependency on target 'Helpers' in project 'Supabase'
        ➜ Explicit dependency on target 'ConcurrencyExtras' in project 'swift-concurrency-extras'
        ➜ Explicit dependency on target 'HTTPTypes' in project 'swift-http-types'
        ➜ Explicit dependency on target 'Clocks' in project 'swift-clocks'
        ➜ Explicit dependency on target 'XCTestDynamicOverlay' in project 'xctest-dynamic-overlay'
        ➜ Explicit dependency on target 'Crypto' in project 'swift-crypto'
        ➜ Explicit dependency on target 'IssueReporting' in project 'xctest-dynamic-overlay'
    Target 'Supabase' in project 'Supabase'
        ➜ Explicit dependency on target 'Helpers' in project 'Supabase'
        ➜ Explicit dependency on target 'Auth' in project 'Supabase'
        ➜ Explicit dependency on target 'Functions' in project 'Supabase'
        ➜ Explicit dependency on target 'PostgREST' in project 'Supabase'
        ➜ Explicit dependency on target 'Realtime' in project 'Supabase'
        ➜ Explicit dependency on target 'Storage' in project 'Supabase'
        ➜ Explicit dependency on target 'ConcurrencyExtras' in project 'swift-concurrency-extras'
        ➜ Explicit dependency on target 'HTTPTypes' in project 'swift-http-types'
        ➜ Explicit dependency on target 'Clocks' in project 'swift-clocks'
        ➜ Explicit dependency on target 'XCTestDynamicOverlay' in project 'xctest-dynamic-overlay'
        ➜ Explicit dependency on target 'Crypto' in project 'swift-crypto'
        ➜ Explicit dependency on target 'IssueReporting' in project 'xctest-dynamic-overlay'
    Target 'Storage' in project 'Supabase'
        ➜ Explicit dependency on target 'Helpers' in project 'Supabase'
        ➜ Explicit dependency on target 'ConcurrencyExtras' in project 'swift-concurrency-extras'
        ➜ Explicit dependency on target 'HTTPTypes' in project 'swift-http-types'
        ➜ Explicit dependency on target 'Clocks' in project 'swift-clocks'
        ➜ Explicit dependency on target 'XCTestDynamicOverlay' in project 'xctest-dynamic-overlay'
    Target 'Realtime' in project 'Supabase'
        ➜ Explicit dependency on target 'Helpers' in project 'Supabase'
        ➜ Explicit dependency on target 'ConcurrencyExtras' in project 'swift-concurrency-extras'
        ➜ Explicit dependency on target 'HTTPTypes' in project 'swift-http-types'
        ➜ Explicit dependency on target 'Clocks' in project 'swift-clocks'
        ➜ Explicit dependency on target 'XCTestDynamicOverlay' in project 'xctest-dynamic-overlay'
        ➜ Explicit dependency on target 'IssueReporting' in project 'xctest-dynamic-overlay'
    Target 'PostgREST' in project 'Supabase'
        ➜ Explicit dependency on target 'Helpers' in project 'Supabase'
        ➜ Explicit dependency on target 'ConcurrencyExtras' in project 'swift-concurrency-extras'
        ➜ Explicit dependency on target 'HTTPTypes' in project 'swift-http-types'
        ➜ Explicit dependency on target 'Clocks' in project 'swift-clocks'
        ➜ Explicit dependency on target 'XCTestDynamicOverlay' in project 'xctest-dynamic-overlay'
    Target 'Functions' in project 'Supabase'
        ➜ Explicit dependency on target 'Helpers' in project 'Supabase'
        ➜ Explicit dependency on target 'ConcurrencyExtras' in project 'swift-concurrency-extras'
        ➜ Explicit dependency on target 'HTTPTypes' in project 'swift-http-types'
        ➜ Explicit dependency on target 'Clocks' in project 'swift-clocks'
        ➜ Explicit dependency on target 'XCTestDynamicOverlay' in project 'xctest-dynamic-overlay'
    Target 'Auth' in project 'Supabase'
        ➜ Explicit dependency on target 'Helpers' in project 'Supabase'
        ➜ Explicit dependency on target 'ConcurrencyExtras' in project 'swift-concurrency-extras'
        ➜ Explicit dependency on target 'HTTPTypes' in project 'swift-http-types'
        ➜ Explicit dependency on target 'Clocks' in project 'swift-clocks'
        ➜ Explicit dependency on target 'XCTestDynamicOverlay' in project 'xctest-dynamic-overlay'
        ➜ Explicit dependency on target 'Crypto' in project 'swift-crypto'
    Target 'Crypto' in project 'swift-crypto'
        ➜ Explicit dependency on target 'Crypto' in project 'swift-crypto'
        ➜ Explicit dependency on target 'swift-crypto_Crypto' in project 'swift-crypto'
    Target 'Crypto' in project 'swift-crypto'
        ➜ Explicit dependency on target 'swift-crypto_Crypto' in project 'swift-crypto'
    Target 'swift-crypto_Crypto' in project 'swift-crypto' (no dependencies)
    Target 'Helpers' in project 'Supabase'
        ➜ Explicit dependency on target 'ConcurrencyExtras' in project 'swift-concurrency-extras'
        ➜ Explicit dependency on target 'HTTPTypes' in project 'swift-http-types'
        ➜ Explicit dependency on target 'Clocks' in project 'swift-clocks'
        ➜ Explicit dependency on target 'XCTestDynamicOverlay' in project 'xctest-dynamic-overlay'
    Target 'HTTPTypes' in project 'swift-http-types'
        ➜ Explicit dependency on target 'HTTPTypes' in project 'swift-http-types'
    Target 'HTTPTypes' in project 'swift-http-types' (no dependencies)
    Target 'ComposableArchitecture' in project 'swift-composable-architecture'
        ➜ Explicit dependency on target 'ComposableArchitecture' in project 'swift-composable-architecture'
        ➜ Explicit dependency on target 'swift-composable-architecture_ComposableArchitecture' in project 'swift-composable-architecture'
        ➜ Explicit dependency on target 'ComposableArchitectureMacros' in project 'swift-composable-architecture'
        ➜ Explicit dependency on target 'CasePaths' in project 'swift-case-paths'
        ➜ Explicit dependency on target 'CombineSchedulers' in project 'combine-schedulers'
        ➜ Explicit dependency on target 'ConcurrencyExtras' in project 'swift-concurrency-extras'
        ➜ Explicit dependency on target 'CustomDump' in project 'swift-custom-dump'
        ➜ Explicit dependency on target 'Dependencies' in project 'swift-dependencies'
        ➜ Explicit dependency on target 'DependenciesMacros' in project 'swift-dependencies'
        ➜ Explicit dependency on target 'IdentifiedCollections' in project 'swift-identified-collections'
        ➜ Explicit dependency on target 'IssueReporting' in project 'xctest-dynamic-overlay'
        ➜ Explicit dependency on target 'OrderedCollections' in project 'swift-collections'
        ➜ Explicit dependency on target 'Perception' in project 'swift-perception'
        ➜ Explicit dependency on target 'Sharing' in project 'swift-sharing'
        ➜ Explicit dependency on target 'SwiftUINavigation' in project 'swift-navigation'
        ➜ Explicit dependency on target 'UIKitNavigation' in project 'swift-navigation'
    Target 'ComposableArchitecture' in project 'swift-composable-architecture'
        ➜ Explicit dependency on target 'swift-composable-architecture_ComposableArchitecture' in project 'swift-composable-architecture'
        ➜ Explicit dependency on target 'ComposableArchitectureMacros' in project 'swift-composable-architecture'
        ➜ Explicit dependency on target 'CasePaths' in project 'swift-case-paths'
        ➜ Explicit dependency on target 'CombineSchedulers' in project 'combine-schedulers'
        ➜ Explicit dependency on target 'ConcurrencyExtras' in project 'swift-concurrency-extras'
        ➜ Explicit dependency on target 'CustomDump' in project 'swift-custom-dump'
        ➜ Explicit dependency on target 'Dependencies' in project 'swift-dependencies'
        ➜ Explicit dependency on target 'DependenciesMacros' in project 'swift-dependencies'
        ➜ Explicit dependency on target 'IdentifiedCollections' in project 'swift-identified-collections'
        ➜ Explicit dependency on target 'IssueReporting' in project 'xctest-dynamic-overlay'
        ➜ Explicit dependency on target 'OrderedCollections' in project 'swift-collections'
        ➜ Explicit dependency on target 'Perception' in project 'swift-perception'
        ➜ Explicit dependency on target 'Sharing' in project 'swift-sharing'
        ➜ Explicit dependency on target 'SwiftUINavigation' in project 'swift-navigation'
        ➜ Explicit dependency on target 'UIKitNavigation' in project 'swift-navigation'
    Target 'UIKitNavigation' in project 'swift-navigation'
        ➜ Explicit dependency on target 'UIKitNavigation' in project 'swift-navigation'
        ➜ Explicit dependency on target 'SwiftNavigation' in project 'swift-navigation'
        ➜ Explicit dependency on target 'UIKitNavigationShim' in project 'swift-navigation'
        ➜ Explicit dependency on target 'CasePaths' in project 'swift-case-paths'
        ➜ Explicit dependency on target 'CustomDump' in project 'swift-custom-dump'
        ➜ Explicit dependency on target 'ConcurrencyExtras' in project 'swift-concurrency-extras'
        ➜ Explicit dependency on target 'IssueReporting' in project 'xctest-dynamic-overlay'
        ➜ Explicit dependency on target 'OrderedCollections' in project 'swift-collections'
        ➜ Explicit dependency on target 'Perception' in project 'swift-perception'
        ➜ Explicit dependency on target 'PerceptionCore' in project 'swift-perception'
    Target 'SwiftUINavigation' in project 'swift-navigation'
        ➜ Explicit dependency on target 'SwiftUINavigation' in project 'swift-navigation'
        ➜ Explicit dependency on target 'SwiftNavigation' in project 'swift-navigation'
        ➜ Explicit dependency on target 'UIKitNavigationShim' in project 'swift-navigation'
        ➜ Explicit dependency on target 'UIKitNavigation' in project 'swift-navigation'
        ➜ Explicit dependency on target 'CasePaths' in project 'swift-case-paths'
        ➜ Explicit dependency on target 'CustomDump' in project 'swift-custom-dump'
        ➜ Explicit dependency on target 'ConcurrencyExtras' in project 'swift-concurrency-extras'
        ➜ Explicit dependency on target 'IssueReporting' in project 'xctest-dynamic-overlay'
        ➜ Explicit dependency on target 'OrderedCollections' in project 'swift-collections'
        ➜ Explicit dependency on target 'Perception' in project 'swift-perception'
        ➜ Explicit dependency on target 'PerceptionCore' in project 'swift-perception'
    Target 'SwiftUINavigation' in project 'swift-navigation'
        ➜ Explicit dependency on target 'SwiftNavigation' in project 'swift-navigation'
        ➜ Explicit dependency on target 'UIKitNavigationShim' in project 'swift-navigation'
        ➜ Explicit dependency on target 'UIKitNavigation' in project 'swift-navigation'
        ➜ Explicit dependency on target 'CasePaths' in project 'swift-case-paths'
        ➜ Explicit dependency on target 'CustomDump' in project 'swift-custom-dump'
        ➜ Explicit dependency on target 'ConcurrencyExtras' in project 'swift-concurrency-extras'
        ➜ Explicit dependency on target 'IssueReporting' in project 'xctest-dynamic-overlay'
        ➜ Explicit dependency on target 'OrderedCollections' in project 'swift-collections'
        ➜ Explicit dependency on target 'Perception' in project 'swift-perception'
        ➜ Explicit dependency on target 'PerceptionCore' in project 'swift-perception'
    Target 'UIKitNavigation' in project 'swift-navigation'
        ➜ Explicit dependency on target 'SwiftNavigation' in project 'swift-navigation'
        ➜ Explicit dependency on target 'UIKitNavigationShim' in project 'swift-navigation'
        ➜ Explicit dependency on target 'CasePaths' in project 'swift-case-paths'
        ➜ Explicit dependency on target 'CustomDump' in project 'swift-custom-dump'
        ➜ Explicit dependency on target 'ConcurrencyExtras' in project 'swift-concurrency-extras'
        ➜ Explicit dependency on target 'IssueReporting' in project 'xctest-dynamic-overlay'
        ➜ Explicit dependency on target 'OrderedCollections' in project 'swift-collections'
        ➜ Explicit dependency on target 'Perception' in project 'swift-perception'
        ➜ Explicit dependency on target 'PerceptionCore' in project 'swift-perception'
    Target 'UIKitNavigationShim' in project 'swift-navigation' (no dependencies)
    Target 'SwiftNavigation' in project 'swift-navigation'
        ➜ Explicit dependency on target 'CasePaths' in project 'swift-case-paths'
        ➜ Explicit dependency on target 'CustomDump' in project 'swift-custom-dump'
        ➜ Explicit dependency on target 'ConcurrencyExtras' in project 'swift-concurrency-extras'
        ➜ Explicit dependency on target 'IssueReporting' in project 'xctest-dynamic-overlay'
        ➜ Explicit dependency on target 'OrderedCollections' in project 'swift-collections'
        ➜ Explicit dependency on target 'Perception' in project 'swift-perception'
        ➜ Explicit dependency on target 'PerceptionCore' in project 'swift-perception'
    Target 'Sharing' in project 'swift-sharing'
        ➜ Explicit dependency on target 'Sharing' in project 'swift-sharing'
        ➜ Explicit dependency on target 'swift-sharing_Sharing' in project 'swift-sharing'
        ➜ Explicit dependency on target 'Sharing1' in project 'swift-sharing'
        ➜ Explicit dependency on target 'Sharing2' in project 'swift-sharing'
        ➜ Explicit dependency on target 'CombineSchedulers' in project 'combine-schedulers'
        ➜ Explicit dependency on target 'ConcurrencyExtras' in project 'swift-concurrency-extras'
        ➜ Explicit dependency on target 'CustomDump' in project 'swift-custom-dump'
        ➜ Explicit dependency on target 'Dependencies' in project 'swift-dependencies'
        ➜ Explicit dependency on target 'IdentifiedCollections' in project 'swift-identified-collections'
        ➜ Explicit dependency on target 'IssueReporting' in project 'xctest-dynamic-overlay'
        ➜ Explicit dependency on target 'PerceptionCore' in project 'swift-perception'
    Target 'Sharing' in project 'swift-sharing'
        ➜ Explicit dependency on target 'swift-sharing_Sharing' in project 'swift-sharing'
        ➜ Explicit dependency on target 'Sharing1' in project 'swift-sharing'
        ➜ Explicit dependency on target 'Sharing2' in project 'swift-sharing'
        ➜ Explicit dependency on target 'CombineSchedulers' in project 'combine-schedulers'
        ➜ Explicit dependency on target 'ConcurrencyExtras' in project 'swift-concurrency-extras'
        ➜ Explicit dependency on target 'CustomDump' in project 'swift-custom-dump'
        ➜ Explicit dependency on target 'Dependencies' in project 'swift-dependencies'
        ➜ Explicit dependency on target 'IdentifiedCollections' in project 'swift-identified-collections'
        ➜ Explicit dependency on target 'IssueReporting' in project 'xctest-dynamic-overlay'
        ➜ Explicit dependency on target 'PerceptionCore' in project 'swift-perception'
    Target 'PerceptionCore' in project 'swift-perception'
        ➜ Explicit dependency on target 'PerceptionCore' in project 'swift-perception'
        ➜ Explicit dependency on target 'IssueReporting' in project 'xctest-dynamic-overlay'
    Target 'Sharing2' in project 'swift-sharing' (no dependencies)
    Target 'Sharing1' in project 'swift-sharing' (no dependencies)
    Target 'swift-sharing_Sharing' in project 'swift-sharing' (no dependencies)
    Target 'Perception' in project 'swift-perception'
        ➜ Explicit dependency on target 'Perception' in project 'swift-perception'
        ➜ Explicit dependency on target 'PerceptionCore' in project 'swift-perception'
        ➜ Explicit dependency on target 'PerceptionMacros' in project 'swift-perception'
        ➜ Explicit dependency on target 'IssueReporting' in project 'xctest-dynamic-overlay'
    Target 'Perception' in project 'swift-perception'
        ➜ Explicit dependency on target 'PerceptionCore' in project 'swift-perception'
        ➜ Explicit dependency on target 'PerceptionMacros' in project 'swift-perception'
        ➜ Explicit dependency on target 'IssueReporting' in project 'xctest-dynamic-overlay'
    Target 'PerceptionMacros' in project 'swift-perception' (no dependencies)
    Target 'PerceptionCore' in project 'swift-perception'
        ➜ Explicit dependency on target 'IssueReporting' in project 'xctest-dynamic-overlay'
    Target 'IdentifiedCollections' in project 'swift-identified-collections'
        ➜ Explicit dependency on target 'IdentifiedCollections' in project 'swift-identified-collections'
        ➜ Explicit dependency on target 'OrderedCollections' in project 'swift-collections'
    Target 'IdentifiedCollections' in project 'swift-identified-collections'
        ➜ Explicit dependency on target 'OrderedCollections' in project 'swift-collections'
    Target 'OrderedCollections' in project 'swift-collections'
        ➜ Explicit dependency on target 'OrderedCollections' in project 'swift-collections'
        ➜ Explicit dependency on target 'InternalCollectionsUtilities' in project 'swift-collections'
    Target 'OrderedCollections' in project 'swift-collections'
        ➜ Explicit dependency on target 'InternalCollectionsUtilities' in project 'swift-collections'
    Target 'InternalCollectionsUtilities' in project 'swift-collections' (no dependencies)
    Target 'DependenciesMacros' in project 'swift-dependencies'
        ➜ Explicit dependency on target 'DependenciesMacros' in project 'swift-dependencies'
        ➜ Explicit dependency on target 'DependenciesMacrosPlugin' in project 'swift-dependencies'
        ➜ Explicit dependency on target 'IssueReporting' in project 'xctest-dynamic-overlay'
        ➜ Explicit dependency on target 'XCTestDynamicOverlay' in project 'xctest-dynamic-overlay'
    Target 'DependenciesMacros' in project 'swift-dependencies'
        ➜ Explicit dependency on target 'DependenciesMacrosPlugin' in project 'swift-dependencies'
        ➜ Explicit dependency on target 'IssueReporting' in project 'xctest-dynamic-overlay'
        ➜ Explicit dependency on target 'XCTestDynamicOverlay' in project 'xctest-dynamic-overlay'
    Target 'DependenciesMacrosPlugin' in project 'swift-dependencies' (no dependencies)
    Target 'Dependencies' in project 'swift-dependencies'
        ➜ Explicit dependency on target 'Dependencies' in project 'swift-dependencies'
        ➜ Explicit dependency on target 'Clocks' in project 'swift-clocks'
        ➜ Explicit dependency on target 'CombineSchedulers' in project 'combine-schedulers'
        ➜ Explicit dependency on target 'ConcurrencyExtras' in project 'swift-concurrency-extras'
        ➜ Explicit dependency on target 'IssueReporting' in project 'xctest-dynamic-overlay'
        ➜ Explicit dependency on target 'XCTestDynamicOverlay' in project 'xctest-dynamic-overlay'
    Target 'Dependencies' in project 'swift-dependencies'
        ➜ Explicit dependency on target 'Clocks' in project 'swift-clocks'
        ➜ Explicit dependency on target 'CombineSchedulers' in project 'combine-schedulers'
        ➜ Explicit dependency on target 'ConcurrencyExtras' in project 'swift-concurrency-extras'
        ➜ Explicit dependency on target 'IssueReporting' in project 'xctest-dynamic-overlay'
        ➜ Explicit dependency on target 'XCTestDynamicOverlay' in project 'xctest-dynamic-overlay'
    Target 'Clocks' in project 'swift-clocks'
        ➜ Explicit dependency on target 'Clocks' in project 'swift-clocks'
        ➜ Explicit dependency on target 'ConcurrencyExtras' in project 'swift-concurrency-extras'
        ➜ Explicit dependency on target 'IssueReporting' in project 'xctest-dynamic-overlay'
    Target 'Clocks' in project 'swift-clocks'
        ➜ Explicit dependency on target 'ConcurrencyExtras' in project 'swift-concurrency-extras'
        ➜ Explicit dependency on target 'IssueReporting' in project 'xctest-dynamic-overlay'
    Target 'CustomDump' in project 'swift-custom-dump'
        ➜ Explicit dependency on target 'CustomDump' in project 'swift-custom-dump'
        ➜ Explicit dependency on target 'IssueReporting' in project 'xctest-dynamic-overlay'
        ➜ Explicit dependency on target 'XCTestDynamicOverlay' in project 'xctest-dynamic-overlay'
    Target 'CustomDump' in project 'swift-custom-dump'
        ➜ Explicit dependency on target 'IssueReporting' in project 'xctest-dynamic-overlay'
        ➜ Explicit dependency on target 'XCTestDynamicOverlay' in project 'xctest-dynamic-overlay'
    Target 'CombineSchedulers' in project 'combine-schedulers'
        ➜ Explicit dependency on target 'CombineSchedulers' in project 'combine-schedulers'
        ➜ Explicit dependency on target 'ConcurrencyExtras' in project 'swift-concurrency-extras'
        ➜ Explicit dependency on target 'IssueReporting' in project 'xctest-dynamic-overlay'
    Target 'CombineSchedulers' in project 'combine-schedulers'
        ➜ Explicit dependency on target 'ConcurrencyExtras' in project 'swift-concurrency-extras'
        ➜ Explicit dependency on target 'IssueReporting' in project 'xctest-dynamic-overlay'
    Target 'ConcurrencyExtras' in project 'swift-concurrency-extras'
        ➜ Explicit dependency on target 'ConcurrencyExtras' in project 'swift-concurrency-extras'
    Target 'ConcurrencyExtras' in project 'swift-concurrency-extras' (no dependencies)
    Target 'CasePaths' in project 'swift-case-paths'
        ➜ Explicit dependency on target 'CasePaths' in project 'swift-case-paths'
        ➜ Explicit dependency on target 'CasePathsCore' in project 'swift-case-paths'
        ➜ Explicit dependency on target 'CasePathsMacros' in project 'swift-case-paths'
        ➜ Explicit dependency on target 'IssueReporting' in project 'xctest-dynamic-overlay'
        ➜ Explicit dependency on target 'XCTestDynamicOverlay' in project 'xctest-dynamic-overlay'
    Target 'CasePaths' in project 'swift-case-paths'
        ➜ Explicit dependency on target 'CasePathsCore' in project 'swift-case-paths'
        ➜ Explicit dependency on target 'CasePathsMacros' in project 'swift-case-paths'
        ➜ Explicit dependency on target 'IssueReporting' in project 'xctest-dynamic-overlay'
        ➜ Explicit dependency on target 'XCTestDynamicOverlay' in project 'xctest-dynamic-overlay'
    Target 'CasePathsMacros' in project 'swift-case-paths' (no dependencies)
    Target 'CasePathsCore' in project 'swift-case-paths'
        ➜ Explicit dependency on target 'IssueReporting' in project 'xctest-dynamic-overlay'
        ➜ Explicit dependency on target 'XCTestDynamicOverlay' in project 'xctest-dynamic-overlay'
    Target 'XCTestDynamicOverlay' in project 'xctest-dynamic-overlay'
        ➜ Explicit dependency on target 'XCTestDynamicOverlay' in project 'xctest-dynamic-overlay'
        ➜ Explicit dependency on target 'IssueReportingPackageSupport' in project 'xctest-dynamic-overlay'
        ➜ Explicit dependency on target 'IssueReporting' in project 'xctest-dynamic-overlay'
    Target 'XCTestDynamicOverlay' in project 'xctest-dynamic-overlay'
        ➜ Explicit dependency on target 'IssueReportingPackageSupport' in project 'xctest-dynamic-overlay'
        ➜ Explicit dependency on target 'IssueReporting' in project 'xctest-dynamic-overlay'
    Target 'IssueReporting' in project 'xctest-dynamic-overlay'
        ➜ Explicit dependency on target 'IssueReporting' in project 'xctest-dynamic-overlay'
        ➜ Explicit dependency on target 'IssueReportingPackageSupport' in project 'xctest-dynamic-overlay'
    Target 'IssueReporting' in project 'xctest-dynamic-overlay'
        ➜ Explicit dependency on target 'IssueReportingPackageSupport' in project 'xctest-dynamic-overlay'
    Target 'IssueReportingPackageSupport' in project 'xctest-dynamic-overlay' (no dependencies)
    Target 'ComposableArchitectureMacros' in project 'swift-composable-architecture' (no dependencies)
    Target 'swift-composable-architecture_ComposableArchitecture' in project 'swift-composable-architecture' (no dependencies)

GatherProvisioningInputs

CreateBuildDescription

ExecuteExternalTool /Applications/Xcode.app/Contents/Developer/Toolchains/XcodeDefault.xctoolchain/usr/bin/swiftc --version

ExecuteExternalTool /Applications/Xcode.app/Contents/Developer/Toolchains/XcodeDefault.xctoolchain/usr/bin/clang -v -E -dM -arch arm64 -isysroot /Applications/Xcode.app/Contents/Developer/Platforms/iPhoneOS.platform/Developer/SDKs/iPhoneOS26.1.sdk -x objective-c -c /dev/null

ExecuteExternalTool /Applications/Xcode.app/Contents/Developer/Toolchains/XcodeDefault.xctoolchain/usr/bin/clang -v -E -dM -isysroot /Applications/Xcode.app/Contents/Developer/Platforms/iPhoneOS.platform/Developer/SDKs/iPhoneOS26.1.sdk -x c -c /dev/null

ExecuteExternalTool /Applications/Xcode.app/Contents/Developer/usr/bin/xcstringstool compile --dry-run --output-directory /Users/viniciuscarvalho/Library/Developer/Xcode/DerivedData/SocialApp-eazcwizlrhyfzsgnydfikkavzsbb/Build/Intermediates.noindex/SocialApp.build/Debug-iphoneos/SocialApp.build /Users/viniciuscarvalho/Documents/Social/SocialApp/SocialApp/SocialApp/Resources/Localizable.xcstrings

ExecuteExternalTool /Applications/Xcode.app/Contents/Developer/usr/bin/actool --print-asset-tag-combinations --output-format xml1 /Users/viniciuscarvalho/Documents/Social/SocialApp/SocialApp/SocialApp/Resources/Assets.xcassets /Users/viniciuscarvalho/Documents/Social/SocialApp/SocialApp/SocialApp/Resources/Preview Content/Preview Assets.xcassets

ExecuteExternalTool /Applications/Xcode.app/Contents/Developer/usr/bin/actool --version --output-format xml1

ExecuteExternalTool /Applications/Xcode.app/Contents/Developer/Toolchains/XcodeDefault.xctoolchain/usr/bin/clang -v -E -dM -isysroot /Applications/Xcode.app/Contents/Developer/Platforms/MacOSX.platform/Developer/SDKs/MacOSX26.1.sdk -x c -c /dev/null

ExecuteExternalTool /Applications/Xcode.app/Contents/Developer/Toolchains/XcodeDefault.xctoolchain/usr/bin/clang -v -E -dM -arch arm64 -isysroot /Applications/Xcode.app/Contents/Developer/Platforms/iPhoneOS.platform/Developer/SDKs/iPhoneOS26.1.sdk -x c -c /dev/null

ExecuteExternalTool /Applications/Xcode.app/Contents/Developer/Toolchains/XcodeDefault.xctoolchain/usr/bin/ld -version_details

ReadFileContents /Applications/Xcode.app/Contents/Developer/Toolchains/XcodeDefault.xctoolchain/usr/share/docc/features.json

Build description signature: e7369c5ab112e0ba8c259c9d453f544b
Build description path: /Users/viniciuscarvalho/Library/Developer/Xcode/DerivedData/SocialApp-eazcwizlrhyfzsgnydfikkavzsbb/Build/Intermediates.noindex/XCBuildData/e7369c5ab112e0ba8c259c9d453f544b.xcbuilddata
ClangStatCache /Applications/Xcode.app/Contents/Developer/Toolchains/XcodeDefault.xctoolchain/usr/bin/clang-stat-cache /Applications/Xcode.app/Contents/Developer/Platforms/iPhoneOS.platform/Developer/SDKs/iPhoneOS26.1.sdk /Users/viniciuscarvalho/Library/Developer/Xcode/DerivedData/SDKStatCaches.noindex/iphoneos26.1-23B77-69b33fc7382b27d9b5d46e82a00f8e78.sdkstatcache
    cd /Users/viniciuscarvalho/Documents/Social/SocialApp/SocialApp
    /Applications/Xcode.app/Contents/Developer/Toolchains/XcodeDefault.xctoolchain/usr/bin/clang-stat-cache /Applications/Xcode.app/Contents/Developer/Platforms/iPhoneOS.platform/Developer/SDKs/iPhoneOS26.1.sdk -o /Users/viniciuscarvalho/Library/Developer/Xcode/DerivedData/SDKStatCaches.noindex/iphoneos26.1-23B77-69b33fc7382b27d9b5d46e82a00f8e78.sdkstatcache

ClangStatCache /Applications/Xcode.app/Contents/Developer/Toolchains/XcodeDefault.xctoolchain/usr/bin/clang-stat-cache /Applications/Xcode.app/Contents/Developer/Platforms/MacOSX.platform/Developer/SDKs/MacOSX26.1.sdk /Users/viniciuscarvalho/Library/Developer/Xcode/DerivedData/SDKStatCaches.noindex/macosx26.1-25B74-3ae1261907bdadc328169391a47051a6.sdkstatcache
    cd /Users/viniciuscarvalho/Documents/Social/SocialApp/SocialApp
    /Applications/Xcode.app/Contents/Developer/Toolchains/XcodeDefault.xctoolchain/usr/bin/clang-stat-cache /Applications/Xcode.app/Contents/Developer/Platforms/MacOSX.platform/Developer/SDKs/MacOSX26.1.sdk -o /Users/viniciuscarvalho/Library/Developer/Xcode/DerivedData/SDKStatCaches.noindex/macosx26.1-25B74-3ae1261907bdadc328169391a47051a6.sdkstatcache

ProcessInfoPlistFile /Users/viniciuscarvalho/Library/Developer/Xcode/DerivedData/SocialApp-eazcwizlrhyfzsgnydfikkavzsbb/Build/Products/Debug-iphoneos/Promises_FBLPromises.bundle/Info.plist /Users/viniciuscarvalho/Library/Developer/Xcode/DerivedData/SocialApp-eazcwizlrhyfzsgnydfikkavzsbb/Build/Intermediates.noindex/Promises.build/Debug-iphoneos/Promises_FBLPromises.build/empty-Promises_FBLPromises.plist (in target 'Promises_FBLPromises' from project 'Promises')
    cd /Users/viniciuscarvalho/Library/Developer/Xcode/DerivedData/SocialApp-eazcwizlrhyfzsgnydfikkavzsbb/SourcePackages/checkouts/promises
    builtin-infoPlistUtility /Users/viniciuscarvalho/Library/Developer/Xcode/DerivedData/SocialApp-eazcwizlrhyfzsgnydfikkavzsbb/Build/Intermediates.noindex/Promises.build/Debug-iphoneos/Promises_FBLPromises.build/empty-Promises_FBLPromises.plist -producttype com.apple.product-type.bundle -expandbuildsettings -format binary -platform iphoneos -requiredArchitecture arm64 -o /Users/viniciuscarvalho/Library/Developer/Xcode/DerivedData/SocialApp-eazcwizlrhyfzsgnydfikkavzsbb/Build/Products/Debug-iphoneos/Promises_FBLPromises.bundle/Info.plist

ProcessInfoPlistFile /Users/viniciuscarvalho/Library/Developer/Xcode/DerivedData/SocialApp-eazcwizlrhyfzsgnydfikkavzsbb/Build/Products/Debug-iphoneos/swift-sharing_Sharing.bundle/Info.plist /Users/viniciuscarvalho/Library/Developer/Xcode/DerivedData/SocialApp-eazcwizlrhyfzsgnydfikkavzsbb/Build/Intermediates.noindex/swift-sharing.build/Debug-iphoneos/swift-sharing_Sharing.build/empty-swift-sharing_Sharing.plist (in target 'swift-sharing_Sharing' from project 'swift-sharing')
    cd /Users/viniciuscarvalho/Library/Developer/Xcode/DerivedData/SocialApp-eazcwizlrhyfzsgnydfikkavzsbb/SourcePackages/checkouts/swift-sharing
    builtin-infoPlistUtility /Users/viniciuscarvalho/Library/Developer/Xcode/DerivedData/SocialApp-eazcwizlrhyfzsgnydfikkavzsbb/Build/Intermediates.noindex/swift-sharing.build/Debug-iphoneos/swift-sharing_Sharing.build/empty-swift-sharing_Sharing.plist -producttype com.apple.product-type.bundle -expandbuildsettings -format binary -platform iphoneos -requiredArchitecture arm64 -o /Users/viniciuscarvalho/Library/Developer/Xcode/DerivedData/SocialApp-eazcwizlrhyfzsgnydfikkavzsbb/Build/Products/Debug-iphoneos/swift-sharing_Sharing.bundle/Info.plist

ProcessInfoPlistFile /Users/viniciuscarvalho/Library/Developer/Xcode/DerivedData/SocialApp-eazcwizlrhyfzsgnydfikkavzsbb/Build/Products/Debug-iphoneos/swift-composable-architecture_ComposableArchitecture.bundle/Info.plist /Users/viniciuscarvalho/Library/Developer/Xcode/DerivedData/SocialApp-eazcwizlrhyfzsgnydfikkavzsbb/Build/Intermediates.noindex/swift-composable-architecture.build/Debug-iphoneos/swift-composable-architecture_ComposableArchitecture.build/empty-swift-composable-architecture_ComposableArchitecture.plist (in target 'swift-composable-architecture_ComposableArchitecture' from project 'swift-composable-architecture')
    cd /Users/viniciuscarvalho/Library/Developer/Xcode/DerivedData/SocialApp-eazcwizlrhyfzsgnydfikkavzsbb/SourcePackages/checkouts/swift-composable-architecture
    builtin-infoPlistUtility /Users/viniciuscarvalho/Library/Developer/Xcode/DerivedData/SocialApp-eazcwizlrhyfzsgnydfikkavzsbb/Build/Intermediates.noindex/swift-composable-architecture.build/Debug-iphoneos/swift-composable-architecture_ComposableArchitecture.build/empty-swift-composable-architecture_ComposableArchitecture.plist -producttype com.apple.product-type.bundle -expandbuildsettings -format binary -platform iphoneos -requiredArchitecture arm64 -o /Users/viniciuscarvalho/Library/Developer/Xcode/DerivedData/SocialApp-eazcwizlrhyfzsgnydfikkavzsbb/Build/Products/Debug-iphoneos/swift-composable-architecture_ComposableArchitecture.bundle/Info.plist

ProcessInfoPlistFile /Users/viniciuscarvalho/Library/Developer/Xcode/DerivedData/SocialApp-eazcwizlrhyfzsgnydfikkavzsbb/Build/Products/Debug-iphoneos/nanopb_nanopb.bundle/Info.plist /Users/viniciuscarvalho/Library/Developer/Xcode/DerivedData/SocialApp-eazcwizlrhyfzsgnydfikkavzsbb/Build/Intermediates.noindex/nanopb.build/Debug-iphoneos/nanopb_nanopb.build/empty-nanopb_nanopb.plist (in target 'nanopb_nanopb' from project 'nanopb')
    cd /Users/viniciuscarvalho/Library/Developer/Xcode/DerivedData/SocialApp-eazcwizlrhyfzsgnydfikkavzsbb/SourcePackages/checkouts/nanopb
    builtin-infoPlistUtility /Users/viniciuscarvalho/Library/Developer/Xcode/DerivedData/SocialApp-eazcwizlrhyfzsgnydfikkavzsbb/Build/Intermediates.noindex/nanopb.build/Debug-iphoneos/nanopb_nanopb.build/empty-nanopb_nanopb.plist -producttype com.apple.product-type.bundle -expandbuildsettings -format binary -platform iphoneos -requiredArchitecture arm64 -o /Users/viniciuscarvalho/Library/Developer/Xcode/DerivedData/SocialApp-eazcwizlrhyfzsgnydfikkavzsbb/Build/Products/Debug-iphoneos/nanopb_nanopb.bundle/Info.plist

ProcessInfoPlistFile /Users/viniciuscarvalho/Library/Developer/Xcode/DerivedData/SocialApp-eazcwizlrhyfzsgnydfikkavzsbb/Build/Products/Debug-iphoneos/GoogleUtilities_GoogleUtilities-UserDefaults.bundle/Info.plist /Users/viniciuscarvalho/Library/Developer/Xcode/DerivedData/SocialApp-eazcwizlrhyfzsgnydfikkavzsbb/Build/Intermediates.noindex/GoogleUtilities.build/Debug-iphoneos/GoogleUtilities_GoogleUtilities-UserDefaults.build/empty-GoogleUtilities_GoogleUtilities-UserDefaults.plist (in target 'GoogleUtilities_GoogleUtilities-UserDefaults' from project 'GoogleUtilities')
    cd /Users/viniciuscarvalho/Library/Developer/Xcode/DerivedData/SocialApp-eazcwizlrhyfzsgnydfikkavzsbb/SourcePackages/checkouts/GoogleUtilities
    builtin-infoPlistUtility /Users/viniciuscarvalho/Library/Developer/Xcode/DerivedData/SocialApp-eazcwizlrhyfzsgnydfikkavzsbb/Build/Intermediates.noindex/GoogleUtilities.build/Debug-iphoneos/GoogleUtilities_GoogleUtilities-UserDefaults.build/empty-GoogleUtilities_GoogleUtilities-UserDefaults.plist -producttype com.apple.product-type.bundle -expandbuildsettings -format binary -platform iphoneos -requiredArchitecture arm64 -o /Users/viniciuscarvalho/Library/Developer/Xcode/DerivedData/SocialApp-eazcwizlrhyfzsgnydfikkavzsbb/Build/Products/Debug-iphoneos/GoogleUtilities_GoogleUtilities-UserDefaults.bundle/Info.plist

ProcessInfoPlistFile /Users/viniciuscarvalho/Library/Developer/Xcode/DerivedData/SocialApp-eazcwizlrhyfzsgnydfikkavzsbb/Build/Products/Debug-iphoneos/swift-crypto_Crypto.bundle/Info.plist /Users/viniciuscarvalho/Library/Developer/Xcode/DerivedData/SocialApp-eazcwizlrhyfzsgnydfikkavzsbb/Build/Intermediates.noindex/swift-crypto.build/Debug-iphoneos/swift-crypto_Crypto.build/empty-swift-crypto_Crypto.plist (in target 'swift-crypto_Crypto' from project 'swift-crypto')
    cd /Users/viniciuscarvalho/Library/Developer/Xcode/DerivedData/SocialApp-eazcwizlrhyfzsgnydfikkavzsbb/SourcePackages/checkouts/swift-crypto
    builtin-infoPlistUtility /Users/viniciuscarvalho/Library/Developer/Xcode/DerivedData/SocialApp-eazcwizlrhyfzsgnydfikkavzsbb/Build/Intermediates.noindex/swift-crypto.build/Debug-iphoneos/swift-crypto_Crypto.build/empty-swift-crypto_Crypto.plist -producttype com.apple.product-type.bundle -expandbuildsettings -format binary -platform iphoneos -requiredArchitecture arm64 -o /Users/viniciuscarvalho/Library/Developer/Xcode/DerivedData/SocialApp-eazcwizlrhyfzsgnydfikkavzsbb/Build/Products/Debug-iphoneos/swift-crypto_Crypto.bundle/Info.plist

ProcessInfoPlistFile /Users/viniciuscarvalho/Library/Developer/Xcode/DerivedData/SocialApp-eazcwizlrhyfzsgnydfikkavzsbb/Build/Products/Debug-iphoneos/GoogleUtilities_GoogleUtilities-Reachability.bundle/Info.plist /Users/viniciuscarvalho/Library/Developer/Xcode/DerivedData/SocialApp-eazcwizlrhyfzsgnydfikkavzsbb/Build/Intermediates.noindex/GoogleUtilities.build/Debug-iphoneos/GoogleUtilities_GoogleUtilities-Reachability.build/empty-GoogleUtilities_GoogleUtilities-Reachability.plist (in target 'GoogleUtilities_GoogleUtilities-Reachability' from project 'GoogleUtilities')
    cd /Users/viniciuscarvalho/Library/Developer/Xcode/DerivedData/SocialApp-eazcwizlrhyfzsgnydfikkavzsbb/SourcePackages/checkouts/GoogleUtilities
    builtin-infoPlistUtility /Users/viniciuscarvalho/Library/Developer/Xcode/DerivedData/SocialApp-eazcwizlrhyfzsgnydfikkavzsbb/Build/Intermediates.noindex/GoogleUtilities.build/Debug-iphoneos/GoogleUtilities_GoogleUtilities-Reachability.build/empty-GoogleUtilities_GoogleUtilities-Reachability.plist -producttype com.apple.product-type.bundle -expandbuildsettings -format binary -platform iphoneos -requiredArchitecture arm64 -o /Users/viniciuscarvalho/Library/Developer/Xcode/DerivedData/SocialApp-eazcwizlrhyfzsgnydfikkavzsbb/Build/Products/Debug-iphoneos/GoogleUtilities_GoogleUtilities-Reachability.bundle/Info.plist

ProcessInfoPlistFile /Users/viniciuscarvalho/Library/Developer/Xcode/DerivedData/SocialApp-eazcwizlrhyfzsgnydfikkavzsbb/Build/Products/Debug-iphoneos/GoogleUtilities_GoogleUtilities-Network.bundle/Info.plist /Users/viniciuscarvalho/Library/Developer/Xcode/DerivedData/SocialApp-eazcwizlrhyfzsgnydfikkavzsbb/Build/Intermediates.noindex/GoogleUtilities.build/Debug-iphoneos/GoogleUtilities_GoogleUtilities-Network.build/empty-GoogleUtilities_GoogleUtilities-Network.plist (in target 'GoogleUtilities_GoogleUtilities-Network' from project 'GoogleUtilities')
    cd /Users/viniciuscarvalho/Library/Developer/Xcode/DerivedData/SocialApp-eazcwizlrhyfzsgnydfikkavzsbb/SourcePackages/checkouts/GoogleUtilities
    builtin-infoPlistUtility /Users/viniciuscarvalho/Library/Developer/Xcode/DerivedData/SocialApp-eazcwizlrhyfzsgnydfikkavzsbb/Build/Intermediates.noindex/GoogleUtilities.build/Debug-iphoneos/GoogleUtilities_GoogleUtilities-Network.build/empty-GoogleUtilities_GoogleUtilities-Network.plist -producttype com.apple.product-type.bundle -expandbuildsettings -format binary -platform iphoneos -requiredArchitecture arm64 -o /Users/viniciuscarvalho/Library/Developer/Xcode/DerivedData/SocialApp-eazcwizlrhyfzsgnydfikkavzsbb/Build/Products/Debug-iphoneos/GoogleUtilities_GoogleUtilities-Network.bundle/Info.plist

ProcessInfoPlistFile /Users/viniciuscarvalho/Library/Developer/Xcode/DerivedData/SocialApp-eazcwizlrhyfzsgnydfikkavzsbb/Build/Products/Debug-iphoneos/GoogleUtilities_GoogleUtilities-NSData.bundle/Info.plist /Users/viniciuscarvalho/Library/Developer/Xcode/DerivedData/SocialApp-eazcwizlrhyfzsgnydfikkavzsbb/Build/Intermediates.noindex/GoogleUtilities.build/Debug-iphoneos/GoogleUtilities_GoogleUtilities-NSData.build/empty-GoogleUtilities_GoogleUtilities-NSData.plist (in target 'GoogleUtilities_GoogleUtilities-NSData' from project 'GoogleUtilities')
    cd /Users/viniciuscarvalho/Library/Developer/Xcode/DerivedData/SocialApp-eazcwizlrhyfzsgnydfikkavzsbb/SourcePackages/checkouts/GoogleUtilities
    builtin-infoPlistUtility /Users/viniciuscarvalho/Library/Developer/Xcode/DerivedData/SocialApp-eazcwizlrhyfzsgnydfikkavzsbb/Build/Intermediates.noindex/GoogleUtilities.build/Debug-iphoneos/GoogleUtilities_GoogleUtilities-NSData.build/empty-GoogleUtilities_GoogleUtilities-NSData.plist -producttype com.apple.product-type.bundle -expandbuildsettings -format binary -platform iphoneos -requiredArchitecture arm64 -o /Users/viniciuscarvalho/Library/Developer/Xcode/DerivedData/SocialApp-eazcwizlrhyfzsgnydfikkavzsbb/Build/Products/Debug-iphoneos/GoogleUtilities_GoogleUtilities-NSData.bundle/Info.plist

ProcessInfoPlistFile /Users/viniciuscarvalho/Library/Developer/Xcode/DerivedData/SocialApp-eazcwizlrhyfzsgnydfikkavzsbb/Build/Products/Debug-iphoneos/GoogleUtilities_GoogleUtilities-Logger.bundle/Info.plist /Users/viniciuscarvalho/Library/Developer/Xcode/DerivedData/SocialApp-eazcwizlrhyfzsgnydfikkavzsbb/Build/Intermediates.noindex/GoogleUtilities.build/Debug-iphoneos/GoogleUtilities_GoogleUtilities-Logger.build/empty-GoogleUtilities_GoogleUtilities-Logger.plist (in target 'GoogleUtilities_GoogleUtilities-Logger' from project 'GoogleUtilities')
    cd /Users/viniciuscarvalho/Library/Developer/Xcode/DerivedData/SocialApp-eazcwizlrhyfzsgnydfikkavzsbb/SourcePackages/checkouts/GoogleUtilities
    builtin-infoPlistUtility /Users/viniciuscarvalho/Library/Developer/Xcode/DerivedData/SocialApp-eazcwizlrhyfzsgnydfikkavzsbb/Build/Intermediates.noindex/GoogleUtilities.build/Debug-iphoneos/GoogleUtilities_GoogleUtilities-Logger.build/empty-GoogleUtilities_GoogleUtilities-Logger.plist -producttype com.apple.product-type.bundle -expandbuildsettings -format binary -platform iphoneos -requiredArchitecture arm64 -o /Users/viniciuscarvalho/Library/Developer/Xcode/DerivedData/SocialApp-eazcwizlrhyfzsgnydfikkavzsbb/Build/Products/Debug-iphoneos/GoogleUtilities_GoogleUtilities-Logger.bundle/Info.plist

ProcessInfoPlistFile /Users/viniciuscarvalho/Library/Developer/Xcode/DerivedData/SocialApp-eazcwizlrhyfzsgnydfikkavzsbb/Build/Products/Debug-iphoneos/GoogleUtilities_GoogleUtilities-Environment.bundle/Info.plist /Users/viniciuscarvalho/Library/Developer/Xcode/DerivedData/SocialApp-eazcwizlrhyfzsgnydfikkavzsbb/Build/Intermediates.noindex/GoogleUtilities.build/Debug-iphoneos/GoogleUtilities_GoogleUtilities-Environment.build/empty-GoogleUtilities_GoogleUtilities-Environment.plist (in target 'GoogleUtilities_GoogleUtilities-Environment' from project 'GoogleUtilities')
    cd /Users/viniciuscarvalho/Library/Developer/Xcode/DerivedData/SocialApp-eazcwizlrhyfzsgnydfikkavzsbb/SourcePackages/checkouts/GoogleUtilities
    builtin-infoPlistUtility /Users/viniciuscarvalho/Library/Developer/Xcode/DerivedData/SocialApp-eazcwizlrhyfzsgnydfikkavzsbb/Build/Intermediates.noindex/GoogleUtilities.build/Debug-iphoneos/GoogleUtilities_GoogleUtilities-Environment.build/empty-GoogleUtilities_GoogleUtilities-Environment.plist -producttype com.apple.product-type.bundle -expandbuildsettings -format binary -platform iphoneos -requiredArchitecture arm64 -o /Users/viniciuscarvalho/Library/Developer/Xcode/DerivedData/SocialApp-eazcwizlrhyfzsgnydfikkavzsbb/Build/Products/Debug-iphoneos/GoogleUtilities_GoogleUtilities-Environment.bundle/Info.plist

ProcessInfoPlistFile /Users/viniciuscarvalho/Library/Developer/Xcode/DerivedData/SocialApp-eazcwizlrhyfzsgnydfikkavzsbb/Build/Products/Debug-iphoneos/GoogleUtilities_GoogleUtilities-AppDelegateSwizzler.bundle/Info.plist /Users/viniciuscarvalho/Library/Developer/Xcode/DerivedData/SocialApp-eazcwizlrhyfzsgnydfikkavzsbb/Build/Intermediates.noindex/GoogleUtilities.build/Debug-iphoneos/GoogleUtilities_GoogleUtilities-AppDelegateSwizzler.build/empty-GoogleUtilities_GoogleUtilities-AppDelegateSwizzler.plist (in target 'GoogleUtilities_GoogleUtilities-AppDelegateSwizzler' from project 'GoogleUtilities')
    cd /Users/viniciuscarvalho/Library/Developer/Xcode/DerivedData/SocialApp-eazcwizlrhyfzsgnydfikkavzsbb/SourcePackages/checkouts/GoogleUtilities
    builtin-infoPlistUtility /Users/viniciuscarvalho/Library/Developer/Xcode/DerivedData/SocialApp-eazcwizlrhyfzsgnydfikkavzsbb/Build/Intermediates.noindex/GoogleUtilities.build/Debug-iphoneos/GoogleUtilities_GoogleUtilities-AppDelegateSwizzler.build/empty-GoogleUtilities_GoogleUtilities-AppDelegateSwizzler.plist -producttype com.apple.product-type.bundle -expandbuildsettings -format binary -platform iphoneos -requiredArchitecture arm64 -o /Users/viniciuscarvalho/Library/Developer/Xcode/DerivedData/SocialApp-eazcwizlrhyfzsgnydfikkavzsbb/Build/Products/Debug-iphoneos/GoogleUtilities_GoogleUtilities-AppDelegateSwizzler.bundle/Info.plist

ProcessInfoPlistFile /Users/viniciuscarvalho/Library/Developer/Xcode/DerivedData/SocialApp-eazcwizlrhyfzsgnydfikkavzsbb/Build/Products/Debug-iphoneos/GoogleDataTransport_GoogleDataTransport.bundle/Info.plist /Users/viniciuscarvalho/Library/Developer/Xcode/DerivedData/SocialApp-eazcwizlrhyfzsgnydfikkavzsbb/Build/Intermediates.noindex/GoogleDataTransport.build/Debug-iphoneos/GoogleDataTransport_GoogleDataTransport.build/empty-GoogleDataTransport_GoogleDataTransport.plist (in target 'GoogleDataTransport_GoogleDataTransport' from project 'GoogleDataTransport')
    cd /Users/viniciuscarvalho/Library/Developer/Xcode/DerivedData/SocialApp-eazcwizlrhyfzsgnydfikkavzsbb/SourcePackages/checkouts/GoogleDataTransport
    builtin-infoPlistUtility /Users/viniciuscarvalho/Library/Developer/Xcode/DerivedData/SocialApp-eazcwizlrhyfzsgnydfikkavzsbb/Build/Intermediates.noindex/GoogleDataTransport.build/Debug-iphoneos/GoogleDataTransport_GoogleDataTransport.build/empty-GoogleDataTransport_GoogleDataTransport.plist -producttype com.apple.product-type.bundle -expandbuildsettings -format binary -platform iphoneos -requiredArchitecture arm64 -o /Users/viniciuscarvalho/Library/Developer/Xcode/DerivedData/SocialApp-eazcwizlrhyfzsgnydfikkavzsbb/Build/Products/Debug-iphoneos/GoogleDataTransport_GoogleDataTransport.bundle/Info.plist

ProcessInfoPlistFile /Users/viniciuscarvalho/Library/Developer/Xcode/DerivedData/SocialApp-eazcwizlrhyfzsgnydfikkavzsbb/Build/Products/Debug-iphoneos/Firebase_FirebaseMessaging.bundle/Info.plist /Users/viniciuscarvalho/Library/Developer/Xcode/DerivedData/SocialApp-eazcwizlrhyfzsgnydfikkavzsbb/Build/Intermediates.noindex/Firebase.build/Debug-iphoneos/Firebase_FirebaseMessaging.build/empty-Firebase_FirebaseMessaging.plist (in target 'Firebase_FirebaseMessaging' from project 'Firebase')
    cd /Users/viniciuscarvalho/Library/Developer/Xcode/DerivedData/SocialApp-eazcwizlrhyfzsgnydfikkavzsbb/SourcePackages/checkouts/firebase-ios-sdk
    builtin-infoPlistUtility /Users/viniciuscarvalho/Library/Developer/Xcode/DerivedData/SocialApp-eazcwizlrhyfzsgnydfikkavzsbb/Build/Intermediates.noindex/Firebase.build/Debug-iphoneos/Firebase_FirebaseMessaging.build/empty-Firebase_FirebaseMessaging.plist -producttype com.apple.product-type.bundle -expandbuildsettings -format binary -platform iphoneos -requiredArchitecture arm64 -o /Users/viniciuscarvalho/Library/Developer/Xcode/DerivedData/SocialApp-eazcwizlrhyfzsgnydfikkavzsbb/Build/Products/Debug-iphoneos/Firebase_FirebaseMessaging.bundle/Info.plist

ProcessInfoPlistFile /Users/viniciuscarvalho/Library/Developer/Xcode/DerivedData/SocialApp-eazcwizlrhyfzsgnydfikkavzsbb/Build/Products/Debug-iphoneos/Firebase_FirebaseInstallations.bundle/Info.plist /Users/viniciuscarvalho/Library/Developer/Xcode/DerivedData/SocialApp-eazcwizlrhyfzsgnydfikkavzsbb/Build/Intermediates.noindex/Firebase.build/Debug-iphoneos/Firebase_FirebaseInstallations.build/empty-Firebase_FirebaseInstallations.plist (in target 'Firebase_FirebaseInstallations' from project 'Firebase')
    cd /Users/viniciuscarvalho/Library/Developer/Xcode/DerivedData/SocialApp-eazcwizlrhyfzsgnydfikkavzsbb/SourcePackages/checkouts/firebase-ios-sdk
    builtin-infoPlistUtility /Users/viniciuscarvalho/Library/Developer/Xcode/DerivedData/SocialApp-eazcwizlrhyfzsgnydfikkavzsbb/Build/Intermediates.noindex/Firebase.build/Debug-iphoneos/Firebase_FirebaseInstallations.build/empty-Firebase_FirebaseInstallations.plist -producttype com.apple.product-type.bundle -expandbuildsettings -format binary -platform iphoneos -requiredArchitecture arm64 -o /Users/viniciuscarvalho/Library/Developer/Xcode/DerivedData/SocialApp-eazcwizlrhyfzsgnydfikkavzsbb/Build/Products/Debug-iphoneos/Firebase_FirebaseInstallations.bundle/Info.plist

ProcessInfoPlistFile /Users/viniciuscarvalho/Library/Developer/Xcode/DerivedData/SocialApp-eazcwizlrhyfzsgnydfikkavzsbb/Build/Products/Debug-iphoneos/Firebase_FirebaseCoreInternal.bundle/Info.plist /Users/viniciuscarvalho/Library/Developer/Xcode/DerivedData/SocialApp-eazcwizlrhyfzsgnydfikkavzsbb/Build/Intermediates.noindex/Firebase.build/Debug-iphoneos/Firebase_FirebaseCoreInternal.build/empty-Firebase_FirebaseCoreInternal.plist (in target 'Firebase_FirebaseCoreInternal' from project 'Firebase')
    cd /Users/viniciuscarvalho/Library/Developer/Xcode/DerivedData/SocialApp-eazcwizlrhyfzsgnydfikkavzsbb/SourcePackages/checkouts/firebase-ios-sdk
    builtin-infoPlistUtility /Users/viniciuscarvalho/Library/Developer/Xcode/DerivedData/SocialApp-eazcwizlrhyfzsgnydfikkavzsbb/Build/Intermediates.noindex/Firebase.build/Debug-iphoneos/Firebase_FirebaseCoreInternal.build/empty-Firebase_FirebaseCoreInternal.plist -producttype com.apple.product-type.bundle -expandbuildsettings -format binary -platform iphoneos -requiredArchitecture arm64 -o /Users/viniciuscarvalho/Library/Developer/Xcode/DerivedData/SocialApp-eazcwizlrhyfzsgnydfikkavzsbb/Build/Products/Debug-iphoneos/Firebase_FirebaseCoreInternal.bundle/Info.plist

ProcessInfoPlistFile /Users/viniciuscarvalho/Library/Developer/Xcode/DerivedData/SocialApp-eazcwizlrhyfzsgnydfikkavzsbb/Build/Products/Debug-iphoneos/Firebase_FirebaseCore.bundle/Info.plist /Users/viniciuscarvalho/Library/Developer/Xcode/DerivedData/SocialApp-eazcwizlrhyfzsgnydfikkavzsbb/Build/Intermediates.noindex/Firebase.build/Debug-iphoneos/Firebase_FirebaseCore.build/empty-Firebase_FirebaseCore.plist (in target 'Firebase_FirebaseCore' from project 'Firebase')
    cd /Users/viniciuscarvalho/Library/Developer/Xcode/DerivedData/SocialApp-eazcwizlrhyfzsgnydfikkavzsbb/SourcePackages/checkouts/firebase-ios-sdk
    builtin-infoPlistUtility /Users/viniciuscarvalho/Library/Developer/Xcode/DerivedData/SocialApp-eazcwizlrhyfzsgnydfikkavzsbb/Build/Intermediates.noindex/Firebase.build/Debug-iphoneos/Firebase_FirebaseCore.build/empty-Firebase_FirebaseCore.plist -producttype com.apple.product-type.bundle -expandbuildsettings -format binary -platform iphoneos -requiredArchitecture arm64 -o /Users/viniciuscarvalho/Library/Developer/Xcode/DerivedData/SocialApp-eazcwizlrhyfzsgnydfikkavzsbb/Build/Products/Debug-iphoneos/Firebase_FirebaseCore.bundle/Info.plist

SwiftDriver UIKitNavigation normal arm64 com.apple.xcode.tools.swift.compiler (in target 'UIKitNavigation' from project 'swift-navigation')
    cd /Users/viniciuscarvalho/Documents/Social/SocialApp/SocialApp
    builtin-SwiftDriver -- /Applications/Xcode.app/Contents/Developer/Toolchains/XcodeDefault.xctoolchain/usr/bin/swiftc -module-name UIKitNavigation -Onone -enforce-exclusivity\=checked @/Users/viniciuscarvalho/Library/Developer/Xcode/DerivedData/SocialApp-eazcwizlrhyfzsgnydfikkavzsbb/Build/Intermediates.noindex/swift-navigation.build/Debug-iphoneos/UIKitNavigation.build/Objects-normal/arm64/UIKitNavigation.SwiftFileList -DSWIFT_PACKAGE -DDEBUG -DSWIFT_MODULE_RESOURCE_BUNDLE_UNAVAILABLE -Xcc -fmodule-map-file\=/Users/viniciuscarvalho/Library/Developer/Xcode/DerivedData/SocialApp-eazcwizlrhyfzsgnydfikkavzsbb/Build/Intermediates.noindex/GeneratedModuleMaps-iphoneos/UIKitNavigationShim.modulemap -DXcode -plugin-path /Applications/Xcode.app/Contents/Developer/Toolchains/XcodeDefault.xctoolchain/usr/lib/swift/host/plugins/testing -enable-experimental-feature DebugDescriptionMacro -sdk /Applications/Xcode.app/Contents/Developer/Platforms/iPhoneOS.platform/Developer/SDKs/iPhoneOS26.1.sdk -target arm64-apple-ios13.0 -g -module-cache-path /Users/viniciuscarvalho/Library/Developer/Xcode/DerivedData/ModuleCache.noindex -Xfrontend -serialize-debugging-options -enable-testing -suppress-warnings -index-store-path /Users/viniciuscarvalho/Library/Developer/Xcode/DerivedData/SocialApp-eazcwizlrhyfzsgnydfikkavzsbb/Index.noindex/DataStore -Xcc -D_LIBCPP_HARDENING_MODE\=_LIBCPP_HARDENING_MODE_DEBUG -swift-version 6 -I /Users/viniciuscarvalho/Library/Developer/Xcode/DerivedData/SocialApp-eazcwizlrhyfzsgnydfikkavzsbb/Build/Products/Debug-iphoneos -Isystem /Applications/Xcode.app/Contents/Developer/Platforms/iPhoneOS.platform/Developer/usr/lib -F /Users/viniciuscarvalho/Library/Developer/Xcode/DerivedData/SocialApp-eazcwizlrhyfzsgnydfikkavzsbb/Build/Products/Debug-iphoneos/PackageFrameworks -F /Users/viniciuscarvalho/Library/Developer/Xcode/DerivedData/SocialApp-eazcwizlrhyfzsgnydfikkavzsbb/Build/Products/Debug-iphoneos/PackageFrameworks -F /Users/viniciuscarvalho/Library/Developer/Xcode/DerivedData/SocialApp-eazcwizlrhyfzsgnydfikkavzsbb/Build/Products/Debug-iphoneos/PackageFrameworks -F /Users/viniciuscarvalho/Library/Developer/Xcode/DerivedData/SocialApp-eazcwizlrhyfzsgnydfikkavzsbb/Build/Products/Debug-iphoneos/PackageFrameworks -F /Users/viniciuscarvalho/Library/Developer/Xcode/DerivedData/SocialApp-eazcwizlrhyfzsgnydfikkavzsbb/Build/Products/Debug-iphoneos/PackageFrameworks -F /Users/viniciuscarvalho/Library/Developer/Xcode/DerivedData/SocialApp-eazcwizlrhyfzsgnydfikkavzsbb/Build/Products/Debug-iphoneos/PackageFrameworks -F /Users/viniciuscarvalho/Library/Developer/Xcode/DerivedData/SocialApp-eazcwizlrhyfzsgnydfikkavzsbb/Build/Products/Debug-iphoneos/PackageFrameworks -F /Users/viniciuscarvalho/Library/Developer/Xcode/DerivedData/SocialApp-eazcwizlrhyfzsgnydfikkavzsbb/Build/Products/Debug-iphoneos/PackageFrameworks -F /Users/viniciuscarvalho/Library/Developer/Xcode/DerivedData/SocialApp-eazcwizlrhyfzsgnydfikkavzsbb/Build/Products/Debug-iphoneos/PackageFrameworks -F /Users/viniciuscarvalho/Library/Developer/Xcode/DerivedData/SocialApp-eazcwizlrhyfzsgnydfikkavzsbb/Build/Products/Debug-iphoneos/PackageFrameworks -F /Users/viniciuscarvalho/Library/Developer/Xcode/DerivedData/SocialApp-eazcwizlrhyfzsgnydfikkavzsbb/Build/Products/Debug-iphoneos/PackageFrameworks -F /Users/viniciuscarvalho/Library/Developer/Xcode/DerivedData/SocialApp-eazcwizlrhyfzsgnydfikkavzsbb/Build/Products/Debug-iphoneos/PackageFrameworks -F /Users/viniciuscarvalho/Library/Developer/Xcode/DerivedData/SocialApp-eazcwizlrhyfzsgnydfikkavzsbb/Build/Products/Debug-iphoneos/PackageFrameworks -F /Users/viniciuscarvalho/Library/Developer/Xcode/DerivedData/SocialApp-eazcwizlrhyfzsgnydfikkavzsbb/Build/Products/Debug-iphoneos -F /Applications/Xcode.app/Contents/Developer/Platforms/iPhoneOS.platform/Developer/Library/Frameworks -F /Applications/Xcode.app/Contents/Developer/Platforms/iPhoneOS.platform/Developer/SDKs/iPhoneOS26.1.sdk/Developer/Library/Frameworks -Xfrontend -load-plugin-executable -Xfrontend /Users/viniciuscarvalho/Library/Developer/Xcode/DerivedData/SocialApp-eazcwizlrhyfzsgnydfikkavzsbb/Build/Products/Debug/CasePathsMacros\#CasePathsMacros -Xfrontend -load-plugin-executable -Xfrontend /Users/viniciuscarvalho/Library/Developer/Xcode/DerivedData/SocialApp-eazcwizlrhyfzsgnydfikkavzsbb/Build/Products/Debug/PerceptionMacros\#PerceptionMacros -c -j8 -enable-batch-mode -incremental -Xcc -ivfsstatcache -Xcc /Users/viniciuscarvalho/Library/Developer/Xcode/DerivedData/SDKStatCaches.noindex/iphoneos26.1-23B77-69b33fc7382b27d9b5d46e82a00f8e78.sdkstatcache -output-file-map /Users/viniciuscarvalho/Library/Developer/Xcode/DerivedData/SocialApp-eazcwizlrhyfzsgnydfikkavzsbb/Build/Intermediates.noindex/swift-navigation.build/Debug-iphoneos/UIKitNavigation.build/Objects-normal/arm64/UIKitNavigation-OutputFileMap.json -use-frontend-parseable-output -save-temps -no-color-diagnostics -explicit-module-build -module-cache-path /Users/viniciuscarvalho/Library/Developer/Xcode/DerivedData/SocialApp-eazcwizlrhyfzsgnydfikkavzsbb/Build/Intermediates.noindex/SwiftExplicitPrecompiledModules -clang-scanner-module-cache-path /Users/viniciuscarvalho/Library/Developer/Xcode/DerivedData/ModuleCache.noindex -sdk-module-cache-path /Users/viniciuscarvalho/Library/Developer/Xcode/DerivedData/ModuleCache.noindex -serialize-diagnostics -emit-dependencies -emit-module -emit-module-path /Users/viniciuscarvalho/Library/Developer/Xcode/DerivedData/SocialApp-eazcwizlrhyfzsgnydfikkavzsbb/Build/Intermediates.noindex/swift-navigation.build/Debug-iphoneos/UIKitNavigation.build/Objects-normal/arm64/UIKitNavigation.swiftmodule -user-module-version 2.5.0 -validate-clang-modules-once -clang-build-session-file /Users/viniciuscarvalho/Library/Developer/Xcode/DerivedData/ModuleCache.noindex/Session.modulevalidation -package-name swift_navigation -Xcc -I/Users/viniciuscarvalho/Library/Developer/Xcode/DerivedData/SocialApp-eazcwizlrhyfzsgnydfikkavzsbb/Build/Intermediates.noindex/swift-navigation.build/Debug-iphoneos/UIKitNavigation.build/swift-overrides.hmap -emit-const-values -Xfrontend -const-gather-protocols-file -Xfrontend /Users/viniciuscarvalho/Library/Developer/Xcode/DerivedData/SocialApp-eazcwizlrhyfzsgnydfikkavzsbb/Build/Intermediates.noindex/swift-navigation.build/Debug-iphoneos/UIKitNavigation.build/Objects-normal/arm64/UIKitNavigation_const_extract_protocols.json -Xcc -I/Users/viniciuscarvalho/Library/Developer/Xcode/DerivedData/SocialApp-eazcwizlrhyfzsgnydfikkavzsbb/SourcePackages/checkouts/swift-navigation/Sources/UIKitNavigationShim/include -Xcc -I/Users/viniciuscarvalho/Library/Developer/Xcode/DerivedData/SocialApp-eazcwizlrhyfzsgnydfikkavzsbb/Build/Products/Debug-iphoneos/include -Xcc -I/Users/viniciuscarvalho/Library/Developer/Xcode/DerivedData/SocialApp-eazcwizlrhyfzsgnydfikkavzsbb/Build/Intermediates.noindex/swift-navigation.build/Debug-iphoneos/UIKitNavigation.build/DerivedSources-normal/arm64 -Xcc -I/Users/viniciuscarvalho/Library/Developer/Xcode/DerivedData/SocialApp-eazcwizlrhyfzsgnydfikkavzsbb/Build/Intermediates.noindex/swift-navigation.build/Debug-iphoneos/UIKitNavigation.build/DerivedSources/arm64 -Xcc -I/Users/viniciuscarvalho/Library/Developer/Xcode/DerivedData/SocialApp-eazcwizlrhyfzsgnydfikkavzsbb/Build/Intermediates.noindex/swift-navigation.build/Debug-iphoneos/UIKitNavigation.build/DerivedSources -Xcc -DSWIFT_PACKAGE -Xcc -DDEBUG\=1 -emit-objc-header -emit-objc-header-path /Users/viniciuscarvalho/Library/Developer/Xcode/DerivedData/SocialApp-eazcwizlrhyfzsgnydfikkavzsbb/Build/Intermediates.noindex/swift-navigation.build/Debug-iphoneos/UIKitNavigation.build/Objects-normal/arm64/UIKitNavigation-Swift.h -working-directory /Users/viniciuscarvalho/Documents/Social/SocialApp/SocialApp -experimental-emit-module-separately -disable-cmo

SwiftDriver\ Compilation\ Requirements UIKitNavigation normal arm64 com.apple.xcode.tools.swift.compiler (in target 'UIKitNavigation' from project 'swift-navigation')
    cd /Users/viniciuscarvalho/Documents/Social/SocialApp/SocialApp
    builtin-Swift-Compilation-Requirements -- /Applications/Xcode.app/Contents/Developer/Toolchains/XcodeDefault.xctoolchain/usr/bin/swiftc -module-name UIKitNavigation -Onone -enforce-exclusivity\=checked @/Users/viniciuscarvalho/Library/Developer/Xcode/DerivedData/SocialApp-eazcwizlrhyfzsgnydfikkavzsbb/Build/Intermediates.noindex/swift-navigation.build/Debug-iphoneos/UIKitNavigation.build/Objects-normal/arm64/UIKitNavigation.SwiftFileList -DSWIFT_PACKAGE -DDEBUG -DSWIFT_MODULE_RESOURCE_BUNDLE_UNAVAILABLE -Xcc -fmodule-map-file\=/Users/viniciuscarvalho/Library/Developer/Xcode/DerivedData/SocialApp-eazcwizlrhyfzsgnydfikkavzsbb/Build/Intermediates.noindex/GeneratedModuleMaps-iphoneos/UIKitNavigationShim.modulemap -DXcode -plugin-path /Applications/Xcode.app/Contents/Developer/Toolchains/XcodeDefault.xctoolchain/usr/lib/swift/host/plugins/testing -enable-experimental-feature DebugDescriptionMacro -sdk /Applications/Xcode.app/Contents/Developer/Platforms/iPhoneOS.platform/Developer/SDKs/iPhoneOS26.1.sdk -target arm64-apple-ios13.0 -g -module-cache-path /Users/viniciuscarvalho/Library/Developer/Xcode/DerivedData/ModuleCache.noindex -Xfrontend -serialize-debugging-options -enable-testing -suppress-warnings -index-store-path /Users/viniciuscarvalho/Library/Developer/Xcode/DerivedData/SocialApp-eazcwizlrhyfzsgnydfikkavzsbb/Index.noindex/DataStore -Xcc -D_LIBCPP_HARDENING_MODE\=_LIBCPP_HARDENING_MODE_DEBUG -swift-version 6 -I /Users/viniciuscarvalho/Library/Developer/Xcode/DerivedData/SocialApp-eazcwizlrhyfzsgnydfikkavzsbb/Build/Products/Debug-iphoneos -Isystem /Applications/Xcode.app/Contents/Developer/Platforms/iPhoneOS.platform/Developer/usr/lib -F /Users/viniciuscarvalho/Library/Developer/Xcode/DerivedData/SocialApp-eazcwizlrhyfzsgnydfikkavzsbb/Build/Products/Debug-iphoneos/PackageFrameworks -F /Users/viniciuscarvalho/Library/Developer/Xcode/DerivedData/SocialApp-eazcwizlrhyfzsgnydfikkavzsbb/Build/Products/Debug-iphoneos/PackageFrameworks -F /Users/viniciuscarvalho/Library/Developer/Xcode/DerivedData/SocialApp-eazcwizlrhyfzsgnydfikkavzsbb/Build/Products/Debug-iphoneos/PackageFrameworks -F /Users/viniciuscarvalho/Library/Developer/Xcode/DerivedData/SocialApp-eazcwizlrhyfzsgnydfikkavzsbb/Build/Products/Debug-iphoneos/PackageFrameworks -F /Users/viniciuscarvalho/Library/Developer/Xcode/DerivedData/SocialApp-eazcwizlrhyfzsgnydfikkavzsbb/Build/Products/Debug-iphoneos/PackageFrameworks -F /Users/viniciuscarvalho/Library/Developer/Xcode/DerivedData/SocialApp-eazcwizlrhyfzsgnydfikkavzsbb/Build/Products/Debug-iphoneos/PackageFrameworks -F /Users/viniciuscarvalho/Library/Developer/Xcode/DerivedData/SocialApp-eazcwizlrhyfzsgnydfikkavzsbb/Build/Products/Debug-iphoneos/PackageFrameworks -F /Users/viniciuscarvalho/Library/Developer/Xcode/DerivedData/SocialApp-eazcwizlrhyfzsgnydfikkavzsbb/Build/Products/Debug-iphoneos/PackageFrameworks -F /Users/viniciuscarvalho/Library/Developer/Xcode/DerivedData/SocialApp-eazcwizlrhyfzsgnydfikkavzsbb/Build/Products/Debug-iphoneos/PackageFrameworks -F /Users/viniciuscarvalho/Library/Developer/Xcode/DerivedData/SocialApp-eazcwizlrhyfzsgnydfikkavzsbb/Build/Products/Debug-iphoneos/PackageFrameworks -F /Users/viniciuscarvalho/Library/Developer/Xcode/DerivedData/SocialApp-eazcwizlrhyfzsgnydfikkavzsbb/Build/Products/Debug-iphoneos/PackageFrameworks -F /Users/viniciuscarvalho/Library/Developer/Xcode/DerivedData/SocialApp-eazcwizlrhyfzsgnydfikkavzsbb/Build/Products/Debug-iphoneos/PackageFrameworks -F /Users/viniciuscarvalho/Library/Developer/Xcode/DerivedData/SocialApp-eazcwizlrhyfzsgnydfikkavzsbb/Build/Products/Debug-iphoneos/PackageFrameworks -F /Users/viniciuscarvalho/Library/Developer/Xcode/DerivedData/SocialApp-eazcwizlrhyfzsgnydfikkavzsbb/Build/Products/Debug-iphoneos -F /Applications/Xcode.app/Contents/Developer/Platforms/iPhoneOS.platform/Developer/Library/Frameworks -F /Applications/Xcode.app/Contents/Developer/Platforms/iPhoneOS.platform/Developer/SDKs/iPhoneOS26.1.sdk/Developer/Library/Frameworks -Xfrontend -load-plugin-executable -Xfrontend /Users/viniciuscarvalho/Library/Developer/Xcode/DerivedData/SocialApp-eazcwizlrhyfzsgnydfikkavzsbb/Build/Products/Debug/CasePathsMacros\#CasePathsMacros -Xfrontend -load-plugin-executable -Xfrontend /Users/viniciuscarvalho/Library/Developer/Xcode/DerivedData/SocialApp-eazcwizlrhyfzsgnydfikkavzsbb/Build/Products/Debug/PerceptionMacros\#PerceptionMacros -c -j8 -enable-batch-mode -incremental -Xcc -ivfsstatcache -Xcc /Users/viniciuscarvalho/Library/Developer/Xcode/DerivedData/SDKStatCaches.noindex/iphoneos26.1-23B77-69b33fc7382b27d9b5d46e82a00f8e78.sdkstatcache -output-file-map /Users/viniciuscarvalho/Library/Developer/Xcode/DerivedData/SocialApp-eazcwizlrhyfzsgnydfikkavzsbb/Build/Intermediates.noindex/swift-navigation.build/Debug-iphoneos/UIKitNavigation.build/Objects-normal/arm64/UIKitNavigation-OutputFileMap.json -use-frontend-parseable-output -save-temps -no-color-diagnostics -explicit-module-build -module-cache-path /Users/viniciuscarvalho/Library/Developer/Xcode/DerivedData/SocialApp-eazcwizlrhyfzsgnydfikkavzsbb/Build/Intermediates.noindex/SwiftExplicitPrecompiledModules -clang-scanner-module-cache-path /Users/viniciuscarvalho/Library/Developer/Xcode/DerivedData/ModuleCache.noindex -sdk-module-cache-path /Users/viniciuscarvalho/Library/Developer/Xcode/DerivedData/ModuleCache.noindex -serialize-diagnostics -emit-dependencies -emit-module -emit-module-path /Users/viniciuscarvalho/Library/Developer/Xcode/DerivedData/SocialApp-eazcwizlrhyfzsgnydfikkavzsbb/Build/Intermediates.noindex/swift-navigation.build/Debug-iphoneos/UIKitNavigation.build/Objects-normal/arm64/UIKitNavigation.swiftmodule -user-module-version 2.5.0 -validate-clang-modules-once -clang-build-session-file /Users/viniciuscarvalho/Library/Developer/Xcode/DerivedData/ModuleCache.noindex/Session.modulevalidation -package-name swift_navigation -Xcc -I/Users/viniciuscarvalho/Library/Developer/Xcode/DerivedData/SocialApp-eazcwizlrhyfzsgnydfikkavzsbb/Build/Intermediates.noindex/swift-navigation.build/Debug-iphoneos/UIKitNavigation.build/swift-overrides.hmap -emit-const-values -Xfrontend -const-gather-protocols-file -Xfrontend /Users/viniciuscarvalho/Library/Developer/Xcode/DerivedData/SocialApp-eazcwizlrhyfzsgnydfikkavzsbb/Build/Intermediates.noindex/swift-navigation.build/Debug-iphoneos/UIKitNavigation.build/Objects-normal/arm64/UIKitNavigation_const_extract_protocols.json -Xcc -I/Users/viniciuscarvalho/Library/Developer/Xcode/DerivedData/SocialApp-eazcwizlrhyfzsgnydfikkavzsbb/SourcePackages/checkouts/swift-navigation/Sources/UIKitNavigationShim/include -Xcc -I/Users/viniciuscarvalho/Library/Developer/Xcode/DerivedData/SocialApp-eazcwizlrhyfzsgnydfikkavzsbb/Build/Products/Debug-iphoneos/include -Xcc -I/Users/viniciuscarvalho/Library/Developer/Xcode/DerivedData/SocialApp-eazcwizlrhyfzsgnydfikkavzsbb/Build/Intermediates.noindex/swift-navigation.build/Debug-iphoneos/UIKitNavigation.build/DerivedSources-normal/arm64 -Xcc -I/Users/viniciuscarvalho/Library/Developer/Xcode/DerivedData/SocialApp-eazcwizlrhyfzsgnydfikkavzsbb/Build/Intermediates.noindex/swift-navigation.build/Debug-iphoneos/UIKitNavigation.build/DerivedSources/arm64 -Xcc -I/Users/viniciuscarvalho/Library/Developer/Xcode/DerivedData/SocialApp-eazcwizlrhyfzsgnydfikkavzsbb/Build/Intermediates.noindex/swift-navigation.build/Debug-iphoneos/UIKitNavigation.build/DerivedSources -Xcc -DSWIFT_PACKAGE -Xcc -DDEBUG\=1 -emit-objc-header -emit-objc-header-path /Users/viniciuscarvalho/Library/Developer/Xcode/DerivedData/SocialApp-eazcwizlrhyfzsgnydfikkavzsbb/Build/Intermediates.noindex/swift-navigation.build/Debug-iphoneos/UIKitNavigation.build/Objects-normal/arm64/UIKitNavigation-Swift.h -working-directory /Users/viniciuscarvalho/Documents/Social/SocialApp/SocialApp -experimental-emit-module-separately -disable-cmo

SwiftDriver\ Compilation UIKitNavigation normal arm64 com.apple.xcode.tools.swift.compiler (in target 'UIKitNavigation' from project 'swift-navigation')
    cd /Users/viniciuscarvalho/Documents/Social/SocialApp/SocialApp
    builtin-Swift-Compilation -- /Applications/Xcode.app/Contents/Developer/Toolchains/XcodeDefault.xctoolchain/usr/bin/swiftc -module-name UIKitNavigation -Onone -enforce-exclusivity\=checked @/Users/viniciuscarvalho/Library/Developer/Xcode/DerivedData/SocialApp-eazcwizlrhyfzsgnydfikkavzsbb/Build/Intermediates.noindex/swift-navigation.build/Debug-iphoneos/UIKitNavigation.build/Objects-normal/arm64/UIKitNavigation.SwiftFileList -DSWIFT_PACKAGE -DDEBUG -DSWIFT_MODULE_RESOURCE_BUNDLE_UNAVAILABLE -Xcc -fmodule-map-file\=/Users/viniciuscarvalho/Library/Developer/Xcode/DerivedData/SocialApp-eazcwizlrhyfzsgnydfikkavzsbb/Build/Intermediates.noindex/GeneratedModuleMaps-iphoneos/UIKitNavigationShim.modulemap -DXcode -plugin-path /Applications/Xcode.app/Contents/Developer/Toolchains/XcodeDefault.xctoolchain/usr/lib/swift/host/plugins/testing -enable-experimental-feature DebugDescriptionMacro -sdk /Applications/Xcode.app/Contents/Developer/Platforms/iPhoneOS.platform/Developer/SDKs/iPhoneOS26.1.sdk -target arm64-apple-ios13.0 -g -module-cache-path /Users/viniciuscarvalho/Library/Developer/Xcode/DerivedData/ModuleCache.noindex -Xfrontend -serialize-debugging-options -enable-testing -suppress-warnings -index-store-path /Users/viniciuscarvalho/Library/Developer/Xcode/DerivedData/SocialApp-eazcwizlrhyfzsgnydfikkavzsbb/Index.noindex/DataStore -Xcc -D_LIBCPP_HARDENING_MODE\=_LIBCPP_HARDENING_MODE_DEBUG -swift-version 6 -I /Users/viniciuscarvalho/Library/Developer/Xcode/DerivedData/SocialApp-eazcwizlrhyfzsgnydfikkavzsbb/Build/Products/Debug-iphoneos -Isystem /Applications/Xcode.app/Contents/Developer/Platforms/iPhoneOS.platform/Developer/usr/lib -F /Users/viniciuscarvalho/Library/Developer/Xcode/DerivedData/SocialApp-eazcwizlrhyfzsgnydfikkavzsbb/Build/Products/Debug-iphoneos/PackageFrameworks -F /Users/viniciuscarvalho/Library/Developer/Xcode/DerivedData/SocialApp-eazcwizlrhyfzsgnydfikkavzsbb/Build/Products/Debug-iphoneos/PackageFrameworks -F /Users/viniciuscarvalho/Library/Developer/Xcode/DerivedData/SocialApp-eazcwizlrhyfzsgnydfikkavzsbb/Build/Products/Debug-iphoneos/PackageFrameworks -F /Users/viniciuscarvalho/Library/Developer/Xcode/DerivedData/SocialApp-eazcwizlrhyfzsgnydfikkavzsbb/Build/Products/Debug-iphoneos/PackageFrameworks -F /Users/viniciuscarvalho/Library/Developer/Xcode/DerivedData/SocialApp-eazcwizlrhyfzsgnydfikkavzsbb/Build/Products/Debug-iphoneos/PackageFrameworks -F /Users/viniciuscarvalho/Library/Developer/Xcode/DerivedData/SocialApp-eazcwizlrhyfzsgnydfikkavzsbb/Build/Products/Debug-iphoneos/PackageFrameworks -F /Users/viniciuscarvalho/Library/Developer/Xcode/DerivedData/SocialApp-eazcwizlrhyfzsgnydfikkavzsbb/Build/Products/Debug-iphoneos/PackageFrameworks -F /Users/viniciuscarvalho/Library/Developer/Xcode/DerivedData/SocialApp-eazcwizlrhyfzsgnydfikkavzsbb/Build/Products/Debug-iphoneos/PackageFrameworks -F /Users/viniciuscarvalho/Library/Developer/Xcode/DerivedData/SocialApp-eazcwizlrhyfzsgnydfikkavzsbb/Build/Products/Debug-iphoneos/PackageFrameworks -F /Users/viniciuscarvalho/Library/Developer/Xcode/DerivedData/SocialApp-eazcwizlrhyfzsgnydfikkavzsbb/Build/Products/Debug-iphoneos/PackageFrameworks -F /Users/viniciuscarvalho/Library/Developer/Xcode/DerivedData/SocialApp-eazcwizlrhyfzsgnydfikkavzsbb/Build/Products/Debug-iphoneos/PackageFrameworks -F /Users/viniciuscarvalho/Library/Developer/Xcode/DerivedData/SocialApp-eazcwizlrhyfzsgnydfikkavzsbb/Build/Products/Debug-iphoneos/PackageFrameworks -F /Users/viniciuscarvalho/Library/Developer/Xcode/DerivedData/SocialApp-eazcwizlrhyfzsgnydfikkavzsbb/Build/Products/Debug-iphoneos/PackageFrameworks -F /Users/viniciuscarvalho/Library/Developer/Xcode/DerivedData/SocialApp-eazcwizlrhyfzsgnydfikkavzsbb/Build/Products/Debug-iphoneos -F /Applications/Xcode.app/Contents/Developer/Platforms/iPhoneOS.platform/Developer/Library/Frameworks -F /Applications/Xcode.app/Contents/Developer/Platforms/iPhoneOS.platform/Developer/SDKs/iPhoneOS26.1.sdk/Developer/Library/Frameworks -Xfrontend -load-plugin-executable -Xfrontend /Users/viniciuscarvalho/Library/Developer/Xcode/DerivedData/SocialApp-eazcwizlrhyfzsgnydfikkavzsbb/Build/Products/Debug/CasePathsMacros\#CasePathsMacros -Xfrontend -load-plugin-executable -Xfrontend /Users/viniciuscarvalho/Library/Developer/Xcode/DerivedData/SocialApp-eazcwizlrhyfzsgnydfikkavzsbb/Build/Products/Debug/PerceptionMacros\#PerceptionMacros -c -j8 -enable-batch-mode -incremental -Xcc -ivfsstatcache -Xcc /Users/viniciuscarvalho/Library/Developer/Xcode/DerivedData/SDKStatCaches.noindex/iphoneos26.1-23B77-69b33fc7382b27d9b5d46e82a00f8e78.sdkstatcache -output-file-map /Users/viniciuscarvalho/Library/Developer/Xcode/DerivedData/SocialApp-eazcwizlrhyfzsgnydfikkavzsbb/Build/Intermediates.noindex/swift-navigation.build/Debug-iphoneos/UIKitNavigation.build/Objects-normal/arm64/UIKitNavigation-OutputFileMap.json -use-frontend-parseable-output -save-temps -no-color-diagnostics -explicit-module-build -module-cache-path /Users/viniciuscarvalho/Library/Developer/Xcode/DerivedData/SocialApp-eazcwizlrhyfzsgnydfikkavzsbb/Build/Intermediates.noindex/SwiftExplicitPrecompiledModules -clang-scanner-module-cache-path /Users/viniciuscarvalho/Library/Developer/Xcode/DerivedData/ModuleCache.noindex -sdk-module-cache-path /Users/viniciuscarvalho/Library/Developer/Xcode/DerivedData/ModuleCache.noindex -serialize-diagnostics -emit-dependencies -emit-module -emit-module-path /Users/viniciuscarvalho/Library/Developer/Xcode/DerivedData/SocialApp-eazcwizlrhyfzsgnydfikkavzsbb/Build/Intermediates.noindex/swift-navigation.build/Debug-iphoneos/UIKitNavigation.build/Objects-normal/arm64/UIKitNavigation.swiftmodule -user-module-version 2.5.0 -validate-clang-modules-once -clang-build-session-file /Users/viniciuscarvalho/Library/Developer/Xcode/DerivedData/ModuleCache.noindex/Session.modulevalidation -package-name swift_navigation -Xcc -I/Users/viniciuscarvalho/Library/Developer/Xcode/DerivedData/SocialApp-eazcwizlrhyfzsgnydfikkavzsbb/Build/Intermediates.noindex/swift-navigation.build/Debug-iphoneos/UIKitNavigation.build/swift-overrides.hmap -emit-const-values -Xfrontend -const-gather-protocols-file -Xfrontend /Users/viniciuscarvalho/Library/Developer/Xcode/DerivedData/SocialApp-eazcwizlrhyfzsgnydfikkavzsbb/Build/Intermediates.noindex/swift-navigation.build/Debug-iphoneos/UIKitNavigation.build/Objects-normal/arm64/UIKitNavigation_const_extract_protocols.json -Xcc -I/Users/viniciuscarvalho/Library/Developer/Xcode/DerivedData/SocialApp-eazcwizlrhyfzsgnydfikkavzsbb/SourcePackages/checkouts/swift-navigation/Sources/UIKitNavigationShim/include -Xcc -I/Users/viniciuscarvalho/Library/Developer/Xcode/DerivedData/SocialApp-eazcwizlrhyfzsgnydfikkavzsbb/Build/Products/Debug-iphoneos/include -Xcc -I/Users/viniciuscarvalho/Library/Developer/Xcode/DerivedData/SocialApp-eazcwizlrhyfzsgnydfikkavzsbb/Build/Intermediates.noindex/swift-navigation.build/Debug-iphoneos/UIKitNavigation.build/DerivedSources-normal/arm64 -Xcc -I/Users/viniciuscarvalho/Library/Developer/Xcode/DerivedData/SocialApp-eazcwizlrhyfzsgnydfikkavzsbb/Build/Intermediates.noindex/swift-navigation.build/Debug-iphoneos/UIKitNavigation.build/DerivedSources/arm64 -Xcc -I/Users/viniciuscarvalho/Library/Developer/Xcode/DerivedData/SocialApp-eazcwizlrhyfzsgnydfikkavzsbb/Build/Intermediates.noindex/swift-navigation.build/Debug-iphoneos/UIKitNavigation.build/DerivedSources -Xcc -DSWIFT_PACKAGE -Xcc -DDEBUG\=1 -emit-objc-header -emit-objc-header-path /Users/viniciuscarvalho/Library/Developer/Xcode/DerivedData/SocialApp-eazcwizlrhyfzsgnydfikkavzsbb/Build/Intermediates.noindex/swift-navigation.build/Debug-iphoneos/UIKitNavigation.build/Objects-normal/arm64/UIKitNavigation-Swift.h -working-directory /Users/viniciuscarvalho/Documents/Social/SocialApp/SocialApp -experimental-emit-module-separately -disable-cmo

SwiftDriver ComposableArchitecture normal arm64 com.apple.xcode.tools.swift.compiler (in target 'ComposableArchitecture' from project 'swift-composable-architecture')
    cd /Users/viniciuscarvalho/Documents/Social/SocialApp/SocialApp
    builtin-SwiftDriver -- /Applications/Xcode.app/Contents/Developer/Toolchains/XcodeDefault.xctoolchain/usr/bin/swiftc -module-name ComposableArchitecture -Onone -enforce-exclusivity\=checked @/Users/viniciuscarvalho/Library/Developer/Xcode/DerivedData/SocialApp-eazcwizlrhyfzsgnydfikkavzsbb/Build/Intermediates.noindex/swift-composable-architecture.build/Debug-iphoneos/ComposableArchitecture.build/Objects-normal/arm64/ComposableArchitecture.SwiftFileList -DSWIFT_PACKAGE -DDEBUG -DSWIFT_MODULE_RESOURCE_BUNDLE_AVAILABLE -Xcc -fmodule-map-file\=/Users/viniciuscarvalho/Library/Developer/Xcode/DerivedData/SocialApp-eazcwizlrhyfzsgnydfikkavzsbb/Build/Intermediates.noindex/GeneratedModuleMaps-iphoneos/UIKitNavigationShim.modulemap -DXcode -enable-upcoming-feature ExistentialAny -plugin-path /Applications/Xcode.app/Contents/Developer/Toolchains/XcodeDefault.xctoolchain/usr/lib/swift/host/plugins/testing -enable-experimental-feature DebugDescriptionMacro -sdk /Applications/Xcode.app/Contents/Developer/Platforms/iPhoneOS.platform/Developer/SDKs/iPhoneOS26.1.sdk -target arm64-apple-ios13.0 -g -module-cache-path /Users/viniciuscarvalho/Library/Developer/Xcode/DerivedData/ModuleCache.noindex -Xfrontend -serialize-debugging-options -enable-testing -suppress-warnings -index-store-path /Users/viniciuscarvalho/Library/Developer/Xcode/DerivedData/SocialApp-eazcwizlrhyfzsgnydfikkavzsbb/Index.noindex/DataStore -Xcc -D_LIBCPP_HARDENING_MODE\=_LIBCPP_HARDENING_MODE_DEBUG -swift-version 6 -I /Users/viniciuscarvalho/Library/Developer/Xcode/DerivedData/SocialApp-eazcwizlrhyfzsgnydfikkavzsbb/Build/Products/Debug-iphoneos -Isystem /Applications/Xcode.app/Contents/Developer/Platforms/iPhoneOS.platform/Developer/usr/lib -F /Users/viniciuscarvalho/Library/Developer/Xcode/DerivedData/SocialApp-eazcwizlrhyfzsgnydfikkavzsbb/Build/Products/Debug-iphoneos/PackageFrameworks -F /Users/viniciuscarvalho/Library/Developer/Xcode/DerivedData/SocialApp-eazcwizlrhyfzsgnydfikkavzsbb/Build/Products/Debug-iphoneos/PackageFrameworks -F /Users/viniciuscarvalho/Library/Developer/Xcode/DerivedData/SocialApp-eazcwizlrhyfzsgnydfikkavzsbb/Build/Products/Debug-iphoneos/PackageFrameworks -F /Users/viniciuscarvalho/Library/Developer/Xcode/DerivedData/SocialApp-eazcwizlrhyfzsgnydfikkavzsbb/Build/Products/Debug-iphoneos/PackageFrameworks -F /Users/viniciuscarvalho/Library/Developer/Xcode/DerivedData/SocialApp-eazcwizlrhyfzsgnydfikkavzsbb/Build/Products/Debug-iphoneos/PackageFrameworks -F /Users/viniciuscarvalho/Library/Developer/Xcode/DerivedData/SocialApp-eazcwizlrhyfzsgnydfikkavzsbb/Build/Products/Debug-iphoneos/PackageFrameworks -F /Users/viniciuscarvalho/Library/Developer/Xcode/DerivedData/SocialApp-eazcwizlrhyfzsgnydfikkavzsbb/Build/Products/Debug-iphoneos/PackageFrameworks -F /Users/viniciuscarvalho/Library/Developer/Xcode/DerivedData/SocialApp-eazcwizlrhyfzsgnydfikkavzsbb/Build/Products/Debug-iphoneos/PackageFrameworks -F /Users/viniciuscarvalho/Library/Developer/Xcode/DerivedData/SocialApp-eazcwizlrhyfzsgnydfikkavzsbb/Build/Products/Debug-iphoneos/PackageFrameworks -F /Users/viniciuscarvalho/Library/Developer/Xcode/DerivedData/SocialApp-eazcwizlrhyfzsgnydfikkavzsbb/Build/Products/Debug-iphoneos/PackageFrameworks -F /Users/viniciuscarvalho/Library/Developer/Xcode/DerivedData/SocialApp-eazcwizlrhyfzsgnydfikkavzsbb/Build/Products/Debug-iphoneos/PackageFrameworks -F /Users/viniciuscarvalho/Library/Developer/Xcode/DerivedData/SocialApp-eazcwizlrhyfzsgnydfikkavzsbb/Build/Products/Debug-iphoneos/PackageFrameworks -F /Users/viniciuscarvalho/Library/Developer/Xcode/DerivedData/SocialApp-eazcwizlrhyfzsgnydfikkavzsbb/Build/Products/Debug-iphoneos/PackageFrameworks -F /Users/viniciuscarvalho/Library/Developer/Xcode/DerivedData/SocialApp-eazcwizlrhyfzsgnydfikkavzsbb/Build/Products/Debug-iphoneos/PackageFrameworks -F /Users/viniciuscarvalho/Library/Developer/Xcode/DerivedData/SocialApp-eazcwizlrhyfzsgnydfikkavzsbb/Build/Products/Debug-iphoneos/PackageFrameworks -F /Users/viniciuscarvalho/Library/Developer/Xcode/DerivedData/SocialApp-eazcwizlrhyfzsgnydfikkavzsbb/Build/Products/Debug-iphoneos/PackageFrameworks -F /Users/viniciuscarvalho/Library/Developer/Xcode/DerivedData/SocialApp-eazcwizlrhyfzsgnydfikkavzsbb/Build/Products/Debug-iphoneos/PackageFrameworks -F /Users/viniciuscarvalho/Library/Developer/Xcode/DerivedData/SocialApp-eazcwizlrhyfzsgnydfikkavzsbb/Build/Products/Debug-iphoneos/PackageFrameworks -F /Users/viniciuscarvalho/Library/Developer/Xcode/DerivedData/SocialApp-eazcwizlrhyfzsgnydfikkavzsbb/Build/Products/Debug-iphoneos/PackageFrameworks -F /Users/viniciuscarvalho/Library/Developer/Xcode/DerivedData/SocialApp-eazcwizlrhyfzsgnydfikkavzsbb/Build/Products/Debug-iphoneos/PackageFrameworks -F /Users/viniciuscarvalho/Library/Developer/Xcode/DerivedData/SocialApp-eazcwizlrhyfzsgnydfikkavzsbb/Build/Products/Debug-iphoneos/PackageFrameworks -F /Users/viniciuscarvalho/Library/Developer/Xcode/DerivedData/SocialApp-eazcwizlrhyfzsgnydfikkavzsbb/Build/Products/Debug-iphoneos/PackageFrameworks -F /Users/viniciuscarvalho/Library/Developer/Xcode/DerivedData/SocialApp-eazcwizlrhyfzsgnydfikkavzsbb/Build/Products/Debug-iphoneos/PackageFrameworks -F /Users/viniciuscarvalho/Library/Developer/Xcode/DerivedData/SocialApp-eazcwizlrhyfzsgnydfikkavzsbb/Build/Products/Debug-iphoneos -F /Applications/Xcode.app/Contents/Developer/Platforms/iPhoneOS.platform/Developer/Library/Frameworks -F /Applications/Xcode.app/Contents/Developer/Platforms/iPhoneOS.platform/Developer/SDKs/iPhoneOS26.1.sdk/Developer/Library/Frameworks -Xfrontend -load-plugin-executable -Xfrontend /Users/viniciuscarvalho/Library/Developer/Xcode/DerivedData/SocialApp-eazcwizlrhyfzsgnydfikkavzsbb/Build/Products/Debug/CasePathsMacros\#CasePathsMacros -Xfrontend -load-plugin-executable -Xfrontend /Users/viniciuscarvalho/Library/Developer/Xcode/DerivedData/SocialApp-eazcwizlrhyfzsgnydfikkavzsbb/Build/Products/Debug/ComposableArchitectureMacros\#ComposableArchitectureMacros -Xfrontend -load-plugin-executable -Xfrontend /Users/viniciuscarvalho/Library/Developer/Xcode/DerivedData/SocialApp-eazcwizlrhyfzsgnydfikkavzsbb/Build/Products/Debug/DependenciesMacrosPlugin\#DependenciesMacrosPlugin -Xfrontend -load-plugin-executable -Xfrontend /Users/viniciuscarvalho/Library/Developer/Xcode/DerivedData/SocialApp-eazcwizlrhyfzsgnydfikkavzsbb/Build/Products/Debug/PerceptionMacros\#PerceptionMacros -c -j8 -enable-batch-mode -incremental -Xcc -ivfsstatcache -Xcc /Users/viniciuscarvalho/Library/Developer/Xcode/DerivedData/SDKStatCaches.noindex/iphoneos26.1-23B77-69b33fc7382b27d9b5d46e82a00f8e78.sdkstatcache -output-file-map /Users/viniciuscarvalho/Library/Developer/Xcode/DerivedData/SocialApp-eazcwizlrhyfzsgnydfikkavzsbb/Build/Intermediates.noindex/swift-composable-architecture.build/Debug-iphoneos/ComposableArchitecture.build/Objects-normal/arm64/ComposableArchitecture-OutputFileMap.json -use-frontend-parseable-output -save-temps -no-color-diagnostics -explicit-module-build -module-cache-path /Users/viniciuscarvalho/Library/Developer/Xcode/DerivedData/SocialApp-eazcwizlrhyfzsgnydfikkavzsbb/Build/Intermediates.noindex/SwiftExplicitPrecompiledModules -clang-scanner-module-cache-path /Users/viniciuscarvalho/Library/Developer/Xcode/DerivedData/ModuleCache.noindex -sdk-module-cache-path /Users/viniciuscarvalho/Library/Developer/Xcode/DerivedData/ModuleCache.noindex -serialize-diagnostics -emit-dependencies -emit-module -emit-module-path /Users/viniciuscarvalho/Library/Developer/Xcode/DerivedData/SocialApp-eazcwizlrhyfzsgnydfikkavzsbb/Build/Intermediates.noindex/swift-composable-architecture.build/Debug-iphoneos/ComposableArchitecture.build/Objects-normal/arm64/ComposableArchitecture.swiftmodule -user-module-version 1.22.3 -validate-clang-modules-once -clang-build-session-file /Users/viniciuscarvalho/Library/Developer/Xcode/DerivedData/ModuleCache.noindex/Session.modulevalidation -package-name swift_composable_architecture -Xcc -I/Users/viniciuscarvalho/Library/Developer/Xcode/DerivedData/SocialApp-eazcwizlrhyfzsgnydfikkavzsbb/Build/Intermediates.noindex/swift-composable-architecture.build/Debug-iphoneos/ComposableArchitecture.build/swift-overrides.hmap -emit-const-values -Xfrontend -const-gather-protocols-file -Xfrontend /Users/viniciuscarvalho/Library/Developer/Xcode/DerivedData/SocialApp-eazcwizlrhyfzsgnydfikkavzsbb/Build/Intermediates.noindex/swift-composable-architecture.build/Debug-iphoneos/ComposableArchitecture.build/Objects-normal/arm64/ComposableArchitecture_const_extract_protocols.json -Xcc -I/Users/viniciuscarvalho/Library/Developer/Xcode/DerivedData/SocialApp-eazcwizlrhyfzsgnydfikkavzsbb/SourcePackages/checkouts/swift-navigation/Sources/UIKitNavigationShim/include -Xcc -I/Users/viniciuscarvalho/Library/Developer/Xcode/DerivedData/SocialApp-eazcwizlrhyfzsgnydfikkavzsbb/Build/Products/Debug-iphoneos/include -Xcc -I/Users/viniciuscarvalho/Library/Developer/Xcode/DerivedData/SocialApp-eazcwizlrhyfzsgnydfikkavzsbb/Build/Intermediates.noindex/swift-composable-architecture.build/Debug-iphoneos/ComposableArchitecture.build/DerivedSources-normal/arm64 -Xcc -I/Users/viniciuscarvalho/Library/Developer/Xcode/DerivedData/SocialApp-eazcwizlrhyfzsgnydfikkavzsbb/Build/Intermediates.noindex/swift-composable-architecture.build/Debug-iphoneos/ComposableArchitecture.build/DerivedSources/arm64 -Xcc -I/Users/viniciuscarvalho/Library/Developer/Xcode/DerivedData/SocialApp-eazcwizlrhyfzsgnydfikkavzsbb/Build/Intermediates.noindex/swift-composable-architecture.build/Debug-iphoneos/ComposableArchitecture.build/DerivedSources -Xcc -DSWIFT_PACKAGE -Xcc -DDEBUG\=1 -emit-objc-header -emit-objc-header-path /Users/viniciuscarvalho/Library/Developer/Xcode/DerivedData/SocialApp-eazcwizlrhyfzsgnydfikkavzsbb/Build/Intermediates.noindex/swift-composable-architecture.build/Debug-iphoneos/ComposableArchitecture.build/Objects-normal/arm64/ComposableArchitecture-Swift.h -working-directory /Users/viniciuscarvalho/Documents/Social/SocialApp/SocialApp -experimental-emit-module-separately -disable-cmo

SwiftDriver\ Compilation\ Requirements ComposableArchitecture normal arm64 com.apple.xcode.tools.swift.compiler (in target 'ComposableArchitecture' from project 'swift-composable-architecture')
    cd /Users/viniciuscarvalho/Documents/Social/SocialApp/SocialApp
    builtin-Swift-Compilation-Requirements -- /Applications/Xcode.app/Contents/Developer/Toolchains/XcodeDefault.xctoolchain/usr/bin/swiftc -module-name ComposableArchitecture -Onone -enforce-exclusivity\=checked @/Users/viniciuscarvalho/Library/Developer/Xcode/DerivedData/SocialApp-eazcwizlrhyfzsgnydfikkavzsbb/Build/Intermediates.noindex/swift-composable-architecture.build/Debug-iphoneos/ComposableArchitecture.build/Objects-normal/arm64/ComposableArchitecture.SwiftFileList -DSWIFT_PACKAGE -DDEBUG -DSWIFT_MODULE_RESOURCE_BUNDLE_AVAILABLE -Xcc -fmodule-map-file\=/Users/viniciuscarvalho/Library/Developer/Xcode/DerivedData/SocialApp-eazcwizlrhyfzsgnydfikkavzsbb/Build/Intermediates.noindex/GeneratedModuleMaps-iphoneos/UIKitNavigationShim.modulemap -DXcode -enable-upcoming-feature ExistentialAny -plugin-path /Applications/Xcode.app/Contents/Developer/Toolchains/XcodeDefault.xctoolchain/usr/lib/swift/host/plugins/testing -enable-experimental-feature DebugDescriptionMacro -sdk /Applications/Xcode.app/Contents/Developer/Platforms/iPhoneOS.platform/Developer/SDKs/iPhoneOS26.1.sdk -target arm64-apple-ios13.0 -g -module-cache-path /Users/viniciuscarvalho/Library/Developer/Xcode/DerivedData/ModuleCache.noindex -Xfrontend -serialize-debugging-options -enable-testing -suppress-warnings -index-store-path /Users/viniciuscarvalho/Library/Developer/Xcode/DerivedData/SocialApp-eazcwizlrhyfzsgnydfikkavzsbb/Index.noindex/DataStore -Xcc -D_LIBCPP_HARDENING_MODE\=_LIBCPP_HARDENING_MODE_DEBUG -swift-version 6 -I /Users/viniciuscarvalho/Library/Developer/Xcode/DerivedData/SocialApp-eazcwizlrhyfzsgnydfikkavzsbb/Build/Products/Debug-iphoneos -Isystem /Applications/Xcode.app/Contents/Developer/Platforms/iPhoneOS.platform/Developer/usr/lib -F /Users/viniciuscarvalho/Library/Developer/Xcode/DerivedData/SocialApp-eazcwizlrhyfzsgnydfikkavzsbb/Build/Products/Debug-iphoneos/PackageFrameworks -F /Users/viniciuscarvalho/Library/Developer/Xcode/DerivedData/SocialApp-eazcwizlrhyfzsgnydfikkavzsbb/Build/Products/Debug-iphoneos/PackageFrameworks -F /Users/viniciuscarvalho/Library/Developer/Xcode/DerivedData/SocialApp-eazcwizlrhyfzsgnydfikkavzsbb/Build/Products/Debug-iphoneos/PackageFrameworks -F /Users/viniciuscarvalho/Library/Developer/Xcode/DerivedData/SocialApp-eazcwizlrhyfzsgnydfikkavzsbb/Build/Products/Debug-iphoneos/PackageFrameworks -F /Users/viniciuscarvalho/Library/Developer/Xcode/DerivedData/SocialApp-eazcwizlrhyfzsgnydfikkavzsbb/Build/Products/Debug-iphoneos/PackageFrameworks -F /Users/viniciuscarvalho/Library/Developer/Xcode/DerivedData/SocialApp-eazcwizlrhyfzsgnydfikkavzsbb/Build/Products/Debug-iphoneos/PackageFrameworks -F /Users/viniciuscarvalho/Library/Developer/Xcode/DerivedData/SocialApp-eazcwizlrhyfzsgnydfikkavzsbb/Build/Products/Debug-iphoneos/PackageFrameworks -F /Users/viniciuscarvalho/Library/Developer/Xcode/DerivedData/SocialApp-eazcwizlrhyfzsgnydfikkavzsbb/Build/Products/Debug-iphoneos/PackageFrameworks -F /Users/viniciuscarvalho/Library/Developer/Xcode/DerivedData/SocialApp-eazcwizlrhyfzsgnydfikkavzsbb/Build/Products/Debug-iphoneos/PackageFrameworks -F /Users/viniciuscarvalho/Library/Developer/Xcode/DerivedData/SocialApp-eazcwizlrhyfzsgnydfikkavzsbb/Build/Products/Debug-iphoneos/PackageFrameworks -F /Users/viniciuscarvalho/Library/Developer/Xcode/DerivedData/SocialApp-eazcwizlrhyfzsgnydfikkavzsbb/Build/Products/Debug-iphoneos/PackageFrameworks -F /Users/viniciuscarvalho/Library/Developer/Xcode/DerivedData/SocialApp-eazcwizlrhyfzsgnydfikkavzsbb/Build/Products/Debug-iphoneos/PackageFrameworks -F /Users/viniciuscarvalho/Library/Developer/Xcode/DerivedData/SocialApp-eazcwizlrhyfzsgnydfikkavzsbb/Build/Products/Debug-iphoneos/PackageFrameworks -F /Users/viniciuscarvalho/Library/Developer/Xcode/DerivedData/SocialApp-eazcwizlrhyfzsgnydfikkavzsbb/Build/Products/Debug-iphoneos/PackageFrameworks -F /Users/viniciuscarvalho/Library/Developer/Xcode/DerivedData/SocialApp-eazcwizlrhyfzsgnydfikkavzsbb/Build/Products/Debug-iphoneos/PackageFrameworks -F /Users/viniciuscarvalho/Library/Developer/Xcode/DerivedData/SocialApp-eazcwizlrhyfzsgnydfikkavzsbb/Build/Products/Debug-iphoneos/PackageFrameworks -F /Users/viniciuscarvalho/Library/Developer/Xcode/DerivedData/SocialApp-eazcwizlrhyfzsgnydfikkavzsbb/Build/Products/Debug-iphoneos/PackageFrameworks -F /Users/viniciuscarvalho/Library/Developer/Xcode/DerivedData/SocialApp-eazcwizlrhyfzsgnydfikkavzsbb/Build/Products/Debug-iphoneos/PackageFrameworks -F /Users/viniciuscarvalho/Library/Developer/Xcode/DerivedData/SocialApp-eazcwizlrhyfzsgnydfikkavzsbb/Build/Products/Debug-iphoneos/PackageFrameworks -F /Users/viniciuscarvalho/Library/Developer/Xcode/DerivedData/SocialApp-eazcwizlrhyfzsgnydfikkavzsbb/Build/Products/Debug-iphoneos/PackageFrameworks -F /Users/viniciuscarvalho/Library/Developer/Xcode/DerivedData/SocialApp-eazcwizlrhyfzsgnydfikkavzsbb/Build/Products/Debug-iphoneos/PackageFrameworks -F /Users/viniciuscarvalho/Library/Developer/Xcode/DerivedData/SocialApp-eazcwizlrhyfzsgnydfikkavzsbb/Build/Products/Debug-iphoneos/PackageFrameworks -F /Users/viniciuscarvalho/Library/Developer/Xcode/DerivedData/SocialApp-eazcwizlrhyfzsgnydfikkavzsbb/Build/Products/Debug-iphoneos/PackageFrameworks -F /Users/viniciuscarvalho/Library/Developer/Xcode/DerivedData/SocialApp-eazcwizlrhyfzsgnydfikkavzsbb/Build/Products/Debug-iphoneos -F /Applications/Xcode.app/Contents/Developer/Platforms/iPhoneOS.platform/Developer/Library/Frameworks -F /Applications/Xcode.app/Contents/Developer/Platforms/iPhoneOS.platform/Developer/SDKs/iPhoneOS26.1.sdk/Developer/Library/Frameworks -Xfrontend -load-plugin-executable -Xfrontend /Users/viniciuscarvalho/Library/Developer/Xcode/DerivedData/SocialApp-eazcwizlrhyfzsgnydfikkavzsbb/Build/Products/Debug/CasePathsMacros\#CasePathsMacros -Xfrontend -load-plugin-executable -Xfrontend /Users/viniciuscarvalho/Library/Developer/Xcode/DerivedData/SocialApp-eazcwizlrhyfzsgnydfikkavzsbb/Build/Products/Debug/ComposableArchitectureMacros\#ComposableArchitectureMacros -Xfrontend -load-plugin-executable -Xfrontend /Users/viniciuscarvalho/Library/Developer/Xcode/DerivedData/SocialApp-eazcwizlrhyfzsgnydfikkavzsbb/Build/Products/Debug/DependenciesMacrosPlugin\#DependenciesMacrosPlugin -Xfrontend -load-plugin-executable -Xfrontend /Users/viniciuscarvalho/Library/Developer/Xcode/DerivedData/SocialApp-eazcwizlrhyfzsgnydfikkavzsbb/Build/Products/Debug/PerceptionMacros\#PerceptionMacros -c -j8 -enable-batch-mode -incremental -Xcc -ivfsstatcache -Xcc /Users/viniciuscarvalho/Library/Developer/Xcode/DerivedData/SDKStatCaches.noindex/iphoneos26.1-23B77-69b33fc7382b27d9b5d46e82a00f8e78.sdkstatcache -output-file-map /Users/viniciuscarvalho/Library/Developer/Xcode/DerivedData/SocialApp-eazcwizlrhyfzsgnydfikkavzsbb/Build/Intermediates.noindex/swift-composable-architecture.build/Debug-iphoneos/ComposableArchitecture.build/Objects-normal/arm64/ComposableArchitecture-OutputFileMap.json -use-frontend-parseable-output -save-temps -no-color-diagnostics -explicit-module-build -module-cache-path /Users/viniciuscarvalho/Library/Developer/Xcode/DerivedData/SocialApp-eazcwizlrhyfzsgnydfikkavzsbb/Build/Intermediates.noindex/SwiftExplicitPrecompiledModules -clang-scanner-module-cache-path /Users/viniciuscarvalho/Library/Developer/Xcode/DerivedData/ModuleCache.noindex -sdk-module-cache-path /Users/viniciuscarvalho/Library/Developer/Xcode/DerivedData/ModuleCache.noindex -serialize-diagnostics -emit-dependencies -emit-module -emit-module-path /Users/viniciuscarvalho/Library/Developer/Xcode/DerivedData/SocialApp-eazcwizlrhyfzsgnydfikkavzsbb/Build/Intermediates.noindex/swift-composable-architecture.build/Debug-iphoneos/ComposableArchitecture.build/Objects-normal/arm64/ComposableArchitecture.swiftmodule -user-module-version 1.22.3 -validate-clang-modules-once -clang-build-session-file /Users/viniciuscarvalho/Library/Developer/Xcode/DerivedData/ModuleCache.noindex/Session.modulevalidation -package-name swift_composable_architecture -Xcc -I/Users/viniciuscarvalho/Library/Developer/Xcode/DerivedData/SocialApp-eazcwizlrhyfzsgnydfikkavzsbb/Build/Intermediates.noindex/swift-composable-architecture.build/Debug-iphoneos/ComposableArchitecture.build/swift-overrides.hmap -emit-const-values -Xfrontend -const-gather-protocols-file -Xfrontend /Users/viniciuscarvalho/Library/Developer/Xcode/DerivedData/SocialApp-eazcwizlrhyfzsgnydfikkavzsbb/Build/Intermediates.noindex/swift-composable-architecture.build/Debug-iphoneos/ComposableArchitecture.build/Objects-normal/arm64/ComposableArchitecture_const_extract_protocols.json -Xcc -I/Users/viniciuscarvalho/Library/Developer/Xcode/DerivedData/SocialApp-eazcwizlrhyfzsgnydfikkavzsbb/SourcePackages/checkouts/swift-navigation/Sources/UIKitNavigationShim/include -Xcc -I/Users/viniciuscarvalho/Library/Developer/Xcode/DerivedData/SocialApp-eazcwizlrhyfzsgnydfikkavzsbb/Build/Products/Debug-iphoneos/include -Xcc -I/Users/viniciuscarvalho/Library/Developer/Xcode/DerivedData/SocialApp-eazcwizlrhyfzsgnydfikkavzsbb/Build/Intermediates.noindex/swift-composable-architecture.build/Debug-iphoneos/ComposableArchitecture.build/DerivedSources-normal/arm64 -Xcc -I/Users/viniciuscarvalho/Library/Developer/Xcode/DerivedData/SocialApp-eazcwizlrhyfzsgnydfikkavzsbb/Build/Intermediates.noindex/swift-composable-architecture.build/Debug-iphoneos/ComposableArchitecture.build/DerivedSources/arm64 -Xcc -I/Users/viniciuscarvalho/Library/Developer/Xcode/DerivedData/SocialApp-eazcwizlrhyfzsgnydfikkavzsbb/Build/Intermediates.noindex/swift-composable-architecture.build/Debug-iphoneos/ComposableArchitecture.build/DerivedSources -Xcc -DSWIFT_PACKAGE -Xcc -DDEBUG\=1 -emit-objc-header -emit-objc-header-path /Users/viniciuscarvalho/Library/Developer/Xcode/DerivedData/SocialApp-eazcwizlrhyfzsgnydfikkavzsbb/Build/Intermediates.noindex/swift-composable-architecture.build/Debug-iphoneos/ComposableArchitecture.build/Objects-normal/arm64/ComposableArchitecture-Swift.h -working-directory /Users/viniciuscarvalho/Documents/Social/SocialApp/SocialApp -experimental-emit-module-separately -disable-cmo

SwiftDriver\ Compilation ComposableArchitecture normal arm64 com.apple.xcode.tools.swift.compiler (in target 'ComposableArchitecture' from project 'swift-composable-architecture')
    cd /Users/viniciuscarvalho/Documents/Social/SocialApp/SocialApp
    builtin-Swift-Compilation -- /Applications/Xcode.app/Contents/Developer/Toolchains/XcodeDefault.xctoolchain/usr/bin/swiftc -module-name ComposableArchitecture -Onone -enforce-exclusivity\=checked @/Users/viniciuscarvalho/Library/Developer/Xcode/DerivedData/SocialApp-eazcwizlrhyfzsgnydfikkavzsbb/Build/Intermediates.noindex/swift-composable-architecture.build/Debug-iphoneos/ComposableArchitecture.build/Objects-normal/arm64/ComposableArchitecture.SwiftFileList -DSWIFT_PACKAGE -DDEBUG -DSWIFT_MODULE_RESOURCE_BUNDLE_AVAILABLE -Xcc -fmodule-map-file\=/Users/viniciuscarvalho/Library/Developer/Xcode/DerivedData/SocialApp-eazcwizlrhyfzsgnydfikkavzsbb/Build/Intermediates.noindex/GeneratedModuleMaps-iphoneos/UIKitNavigationShim.modulemap -DXcode -enable-upcoming-feature ExistentialAny -plugin-path /Applications/Xcode.app/Contents/Developer/Toolchains/XcodeDefault.xctoolchain/usr/lib/swift/host/plugins/testing -enable-experimental-feature DebugDescriptionMacro -sdk /Applications/Xcode.app/Contents/Developer/Platforms/iPhoneOS.platform/Developer/SDKs/iPhoneOS26.1.sdk -target arm64-apple-ios13.0 -g -module-cache-path /Users/viniciuscarvalho/Library/Developer/Xcode/DerivedData/ModuleCache.noindex -Xfrontend -serialize-debugging-options -enable-testing -suppress-warnings -index-store-path /Users/viniciuscarvalho/Library/Developer/Xcode/DerivedData/SocialApp-eazcwizlrhyfzsgnydfikkavzsbb/Index.noindex/DataStore -Xcc -D_LIBCPP_HARDENING_MODE\=_LIBCPP_HARDENING_MODE_DEBUG -swift-version 6 -I /Users/viniciuscarvalho/Library/Developer/Xcode/DerivedData/SocialApp-eazcwizlrhyfzsgnydfikkavzsbb/Build/Products/Debug-iphoneos -Isystem /Applications/Xcode.app/Contents/Developer/Platforms/iPhoneOS.platform/Developer/usr/lib -F /Users/viniciuscarvalho/Library/Developer/Xcode/DerivedData/SocialApp-eazcwizlrhyfzsgnydfikkavzsbb/Build/Products/Debug-iphoneos/PackageFrameworks -F /Users/viniciuscarvalho/Library/Developer/Xcode/DerivedData/SocialApp-eazcwizlrhyfzsgnydfikkavzsbb/Build/Products/Debug-iphoneos/PackageFrameworks -F /Users/viniciuscarvalho/Library/Developer/Xcode/DerivedData/SocialApp-eazcwizlrhyfzsgnydfikkavzsbb/Build/Products/Debug-iphoneos/PackageFrameworks -F /Users/viniciuscarvalho/Library/Developer/Xcode/DerivedData/SocialApp-eazcwizlrhyfzsgnydfikkavzsbb/Build/Products/Debug-iphoneos/PackageFrameworks -F /Users/viniciuscarvalho/Library/Developer/Xcode/DerivedData/SocialApp-eazcwizlrhyfzsgnydfikkavzsbb/Build/Products/Debug-iphoneos/PackageFrameworks -F /Users/viniciuscarvalho/Library/Developer/Xcode/DerivedData/SocialApp-eazcwizlrhyfzsgnydfikkavzsbb/Build/Products/Debug-iphoneos/PackageFrameworks -F /Users/viniciuscarvalho/Library/Developer/Xcode/DerivedData/SocialApp-eazcwizlrhyfzsgnydfikkavzsbb/Build/Products/Debug-iphoneos/PackageFrameworks -F /Users/viniciuscarvalho/Library/Developer/Xcode/DerivedData/SocialApp-eazcwizlrhyfzsgnydfikkavzsbb/Build/Products/Debug-iphoneos/PackageFrameworks -F /Users/viniciuscarvalho/Library/Developer/Xcode/DerivedData/SocialApp-eazcwizlrhyfzsgnydfikkavzsbb/Build/Products/Debug-iphoneos/PackageFrameworks -F /Users/viniciuscarvalho/Library/Developer/Xcode/DerivedData/SocialApp-eazcwizlrhyfzsgnydfikkavzsbb/Build/Products/Debug-iphoneos/PackageFrameworks -F /Users/viniciuscarvalho/Library/Developer/Xcode/DerivedData/SocialApp-eazcwizlrhyfzsgnydfikkavzsbb/Build/Products/Debug-iphoneos/PackageFrameworks -F /Users/viniciuscarvalho/Library/Developer/Xcode/DerivedData/SocialApp-eazcwizlrhyfzsgnydfikkavzsbb/Build/Products/Debug-iphoneos/PackageFrameworks -F /Users/viniciuscarvalho/Library/Developer/Xcode/DerivedData/SocialApp-eazcwizlrhyfzsgnydfikkavzsbb/Build/Products/Debug-iphoneos/PackageFrameworks -F /Users/viniciuscarvalho/Library/Developer/Xcode/DerivedData/SocialApp-eazcwizlrhyfzsgnydfikkavzsbb/Build/Products/Debug-iphoneos/PackageFrameworks -F /Users/viniciuscarvalho/Library/Developer/Xcode/DerivedData/SocialApp-eazcwizlrhyfzsgnydfikkavzsbb/Build/Products/Debug-iphoneos/PackageFrameworks -F /Users/viniciuscarvalho/Library/Developer/Xcode/DerivedData/SocialApp-eazcwizlrhyfzsgnydfikkavzsbb/Build/Products/Debug-iphoneos/PackageFrameworks -F /Users/viniciuscarvalho/Library/Developer/Xcode/DerivedData/SocialApp-eazcwizlrhyfzsgnydfikkavzsbb/Build/Products/Debug-iphoneos/PackageFrameworks -F /Users/viniciuscarvalho/Library/Developer/Xcode/DerivedData/SocialApp-eazcwizlrhyfzsgnydfikkavzsbb/Build/Products/Debug-iphoneos/PackageFrameworks -F /Users/viniciuscarvalho/Library/Developer/Xcode/DerivedData/SocialApp-eazcwizlrhyfzsgnydfikkavzsbb/Build/Products/Debug-iphoneos/PackageFrameworks -F /Users/viniciuscarvalho/Library/Developer/Xcode/DerivedData/SocialApp-eazcwizlrhyfzsgnydfikkavzsbb/Build/Products/Debug-iphoneos/PackageFrameworks -F /Users/viniciuscarvalho/Library/Developer/Xcode/DerivedData/SocialApp-eazcwizlrhyfzsgnydfikkavzsbb/Build/Products/Debug-iphoneos/PackageFrameworks -F /Users/viniciuscarvalho/Library/Developer/Xcode/DerivedData/SocialApp-eazcwizlrhyfzsgnydfikkavzsbb/Build/Products/Debug-iphoneos/PackageFrameworks -F /Users/viniciuscarvalho/Library/Developer/Xcode/DerivedData/SocialApp-eazcwizlrhyfzsgnydfikkavzsbb/Build/Products/Debug-iphoneos/PackageFrameworks -F /Users/viniciuscarvalho/Library/Developer/Xcode/DerivedData/SocialApp-eazcwizlrhyfzsgnydfikkavzsbb/Build/Products/Debug-iphoneos -F /Applications/Xcode.app/Contents/Developer/Platforms/iPhoneOS.platform/Developer/Library/Frameworks -F /Applications/Xcode.app/Contents/Developer/Platforms/iPhoneOS.platform/Developer/SDKs/iPhoneOS26.1.sdk/Developer/Library/Frameworks -Xfrontend -load-plugin-executable -Xfrontend /Users/viniciuscarvalho/Library/Developer/Xcode/DerivedData/SocialApp-eazcwizlrhyfzsgnydfikkavzsbb/Build/Products/Debug/CasePathsMacros\#CasePathsMacros -Xfrontend -load-plugin-executable -Xfrontend /Users/viniciuscarvalho/Library/Developer/Xcode/DerivedData/SocialApp-eazcwizlrhyfzsgnydfikkavzsbb/Build/Products/Debug/ComposableArchitectureMacros\#ComposableArchitectureMacros -Xfrontend -load-plugin-executable -Xfrontend /Users/viniciuscarvalho/Library/Developer/Xcode/DerivedData/SocialApp-eazcwizlrhyfzsgnydfikkavzsbb/Build/Products/Debug/DependenciesMacrosPlugin\#DependenciesMacrosPlugin -Xfrontend -load-plugin-executable -Xfrontend /Users/viniciuscarvalho/Library/Developer/Xcode/DerivedData/SocialApp-eazcwizlrhyfzsgnydfikkavzsbb/Build/Products/Debug/PerceptionMacros\#PerceptionMacros -c -j8 -enable-batch-mode -incremental -Xcc -ivfsstatcache -Xcc /Users/viniciuscarvalho/Library/Developer/Xcode/DerivedData/SDKStatCaches.noindex/iphoneos26.1-23B77-69b33fc7382b27d9b5d46e82a00f8e78.sdkstatcache -output-file-map /Users/viniciuscarvalho/Library/Developer/Xcode/DerivedData/SocialApp-eazcwizlrhyfzsgnydfikkavzsbb/Build/Intermediates.noindex/swift-composable-architecture.build/Debug-iphoneos/ComposableArchitecture.build/Objects-normal/arm64/ComposableArchitecture-OutputFileMap.json -use-frontend-parseable-output -save-temps -no-color-diagnostics -explicit-module-build -module-cache-path /Users/viniciuscarvalho/Library/Developer/Xcode/DerivedData/SocialApp-eazcwizlrhyfzsgnydfikkavzsbb/Build/Intermediates.noindex/SwiftExplicitPrecompiledModules -clang-scanner-module-cache-path /Users/viniciuscarvalho/Library/Developer/Xcode/DerivedData/ModuleCache.noindex -sdk-module-cache-path /Users/viniciuscarvalho/Library/Developer/Xcode/DerivedData/ModuleCache.noindex -serialize-diagnostics -emit-dependencies -emit-module -emit-module-path /Users/viniciuscarvalho/Library/Developer/Xcode/DerivedData/SocialApp-eazcwizlrhyfzsgnydfikkavzsbb/Build/Intermediates.noindex/swift-composable-architecture.build/Debug-iphoneos/ComposableArchitecture.build/Objects-normal/arm64/ComposableArchitecture.swiftmodule -user-module-version 1.22.3 -validate-clang-modules-once -clang-build-session-file /Users/viniciuscarvalho/Library/Developer/Xcode/DerivedData/ModuleCache.noindex/Session.modulevalidation -package-name swift_composable_architecture -Xcc -I/Users/viniciuscarvalho/Library/Developer/Xcode/DerivedData/SocialApp-eazcwizlrhyfzsgnydfikkavzsbb/Build/Intermediates.noindex/swift-composable-architecture.build/Debug-iphoneos/ComposableArchitecture.build/swift-overrides.hmap -emit-const-values -Xfrontend -const-gather-protocols-file -Xfrontend /Users/viniciuscarvalho/Library/Developer/Xcode/DerivedData/SocialApp-eazcwizlrhyfzsgnydfikkavzsbb/Build/Intermediates.noindex/swift-composable-architecture.build/Debug-iphoneos/ComposableArchitecture.build/Objects-normal/arm64/ComposableArchitecture_const_extract_protocols.json -Xcc -I/Users/viniciuscarvalho/Library/Developer/Xcode/DerivedData/SocialApp-eazcwizlrhyfzsgnydfikkavzsbb/SourcePackages/checkouts/swift-navigation/Sources/UIKitNavigationShim/include -Xcc -I/Users/viniciuscarvalho/Library/Developer/Xcode/DerivedData/SocialApp-eazcwizlrhyfzsgnydfikkavzsbb/Build/Products/Debug-iphoneos/include -Xcc -I/Users/viniciuscarvalho/Library/Developer/Xcode/DerivedData/SocialApp-eazcwizlrhyfzsgnydfikkavzsbb/Build/Intermediates.noindex/swift-composable-architecture.build/Debug-iphoneos/ComposableArchitecture.build/DerivedSources-normal/arm64 -Xcc -I/Users/viniciuscarvalho/Library/Developer/Xcode/DerivedData/SocialApp-eazcwizlrhyfzsgnydfikkavzsbb/Build/Intermediates.noindex/swift-composable-architecture.build/Debug-iphoneos/ComposableArchitecture.build/DerivedSources/arm64 -Xcc -I/Users/viniciuscarvalho/Library/Developer/Xcode/DerivedData/SocialApp-eazcwizlrhyfzsgnydfikkavzsbb/Build/Intermediates.noindex/swift-composable-architecture.build/Debug-iphoneos/ComposableArchitecture.build/DerivedSources -Xcc -DSWIFT_PACKAGE -Xcc -DDEBUG\=1 -emit-objc-header -emit-objc-header-path /Users/viniciuscarvalho/Library/Developer/Xcode/DerivedData/SocialApp-eazcwizlrhyfzsgnydfikkavzsbb/Build/Intermediates.noindex/swift-composable-architecture.build/Debug-iphoneos/ComposableArchitecture.build/Objects-normal/arm64/ComposableArchitecture-Swift.h -working-directory /Users/viniciuscarvalho/Documents/Social/SocialApp/SocialApp -experimental-emit-module-separately -disable-cmo

SwiftDriver SocialApp normal arm64 com.apple.xcode.tools.swift.compiler (in target 'SocialApp' from project 'SocialApp')
    cd /Users/viniciuscarvalho/Documents/Social/SocialApp/SocialApp
    builtin-SwiftDriver -- /Applications/Xcode.app/Contents/Developer/Toolchains/XcodeDefault.xctoolchain/usr/bin/swiftc -module-name SocialApp -Onone -enforce-exclusivity\=checked @/Users/viniciuscarvalho/Library/Developer/Xcode/DerivedData/SocialApp-eazcwizlrhyfzsgnydfikkavzsbb/Build/Intermediates.noindex/SocialApp.build/Debug-iphoneos/SocialApp.build/Objects-normal/arm64/SocialApp.SwiftFileList -DDEBUG -Xcc -fmodule-map-file\=/Users/viniciuscarvalho/Library/Developer/Xcode/DerivedData/SocialApp-eazcwizlrhyfzsgnydfikkavzsbb/Build/Intermediates.noindex/GeneratedModuleMaps-iphoneos/UIKitNavigationShim.modulemap -Xcc -fmodule-map-file\=/Users/viniciuscarvalho/Library/Developer/Xcode/DerivedData/SocialApp-eazcwizlrhyfzsgnydfikkavzsbb/Build/Intermediates.noindex/GeneratedModuleMaps-iphoneos/GoogleUtilities-UserDefaults.modulemap -Xcc -fmodule-map-file\=/Users/viniciuscarvalho/Library/Developer/Xcode/DerivedData/SocialApp-eazcwizlrhyfzsgnydfikkavzsbb/Build/Intermediates.noindex/GeneratedModuleMaps-iphoneos/GoogleUtilities-Network.modulemap -Xcc -fmodule-map-file\=/Users/viniciuscarvalho/Library/Developer/Xcode/DerivedData/SocialApp-eazcwizlrhyfzsgnydfikkavzsbb/Build/Intermediates.noindex/GeneratedModuleMaps-iphoneos/GoogleUtilities-NSData.modulemap -Xcc -fmodule-map-file\=/Users/viniciuscarvalho/Library/Developer/Xcode/DerivedData/SocialApp-eazcwizlrhyfzsgnydfikkavzsbb/Build/Intermediates.noindex/GeneratedModuleMaps-iphoneos/GoogleUtilities-AppDelegateSwizzler.modulemap -Xcc -fmodule-map-file\=/Users/viniciuscarvalho/Library/Developer/Xcode/DerivedData/SocialApp-eazcwizlrhyfzsgnydfikkavzsbb/Build/Intermediates.noindex/GeneratedModuleMaps-iphoneos/GoogleUtilities-Logger.modulemap -Xcc -fmodule-map-file\=/Users/viniciuscarvalho/Library/Developer/Xcode/DerivedData/SocialApp-eazcwizlrhyfzsgnydfikkavzsbb/Build/Intermediates.noindex/GeneratedModuleMaps-iphoneos/GoogleUtilities-Environment.modulemap -Xcc -fmodule-map-file\=/Users/viniciuscarvalho/Library/Developer/Xcode/DerivedData/SocialApp-eazcwizlrhyfzsgnydfikkavzsbb/Build/Intermediates.noindex/GeneratedModuleMaps-iphoneos/third-party-IsAppEncrypted.modulemap -Xcc -fmodule-map-file\=/Users/viniciuscarvalho/Library/Developer/Xcode/DerivedData/SocialApp-eazcwizlrhyfzsgnydfikkavzsbb/Build/Intermediates.noindex/GeneratedModuleMaps-iphoneos/GoogleUtilities-Reachability.modulemap -Xcc -fmodule-map-file\=/Users/viniciuscarvalho/Library/Developer/Xcode/DerivedData/SocialApp-eazcwizlrhyfzsgnydfikkavzsbb/Build/Intermediates.noindex/GeneratedModuleMaps-iphoneos/GoogleDataTransport.modulemap -Xcc -fmodule-map-file\=/Users/viniciuscarvalho/Library/Developer/Xcode/DerivedData/SocialApp-eazcwizlrhyfzsgnydfikkavzsbb/Build/Intermediates.noindex/GeneratedModuleMaps-iphoneos/nanopb.modulemap -Xcc -fmodule-map-file\=/Users/viniciuscarvalho/Library/Developer/Xcode/DerivedData/SocialApp-eazcwizlrhyfzsgnydfikkavzsbb/Build/Intermediates.noindex/GeneratedModuleMaps-iphoneos/FirebaseInstallations.modulemap -Xcc -fmodule-map-file\=/Users/viniciuscarvalho/Library/Developer/Xcode/DerivedData/SocialApp-eazcwizlrhyfzsgnydfikkavzsbb/Build/Intermediates.noindex/GeneratedModuleMaps-iphoneos/FirebaseCore.modulemap -Xcc -fmodule-map-file\=/Users/viniciuscarvalho/Library/Developer/Xcode/DerivedData/SocialApp-eazcwizlrhyfzsgnydfikkavzsbb/Build/Intermediates.noindex/GeneratedModuleMaps-iphoneos/FirebaseMessaging.modulemap -enable-bare-slash-regex -enable-experimental-feature DebugDescriptionMacro -sdk /Applications/Xcode.app/Contents/Developer/Platforms/iPhoneOS.platform/Developer/SDKs/iPhoneOS26.1.sdk -target arm64-apple-ios26.1 -g -module-cache-path /Users/viniciuscarvalho/Library/Developer/Xcode/DerivedData/ModuleCache.noindex -Xfrontend -serialize-debugging-options -enable-testing -index-store-path /Users/viniciuscarvalho/Library/Developer/Xcode/DerivedData/SocialApp-eazcwizlrhyfzsgnydfikkavzsbb/Index.noindex/DataStore -Xcc -D_LIBCPP_HARDENING_MODE\=_LIBCPP_HARDENING_MODE_DEBUG -swift-version 5 -I /Users/viniciuscarvalho/Library/Developer/Xcode/DerivedData/SocialApp-eazcwizlrhyfzsgnydfikkavzsbb/Build/Products/Debug-iphoneos -F /Users/viniciuscarvalho/Library/Developer/Xcode/DerivedData/SocialApp-eazcwizlrhyfzsgnydfikkavzsbb/Build/Products/Debug-iphoneos/PackageFrameworks -F /Users/viniciuscarvalho/Library/Developer/Xcode/DerivedData/SocialApp-eazcwizlrhyfzsgnydfikkavzsbb/Build/Products/Debug-iphoneos/PackageFrameworks -F /Users/viniciuscarvalho/Library/Developer/Xcode/DerivedData/SocialApp-eazcwizlrhyfzsgnydfikkavzsbb/Build/Products/Debug-iphoneos/PackageFrameworks -F /Users/viniciuscarvalho/Library/Developer/Xcode/DerivedData/SocialApp-eazcwizlrhyfzsgnydfikkavzsbb/Build/Products/Debug-iphoneos/PackageFrameworks -F /Users/viniciuscarvalho/Library/Developer/Xcode/DerivedData/SocialApp-eazcwizlrhyfzsgnydfikkavzsbb/Build/Products/Debug-iphoneos/PackageFrameworks -F /Users/viniciuscarvalho/Library/Developer/Xcode/DerivedData/SocialApp-eazcwizlrhyfzsgnydfikkavzsbb/Build/Products/Debug-iphoneos/PackageFrameworks -F /Users/viniciuscarvalho/Library/Developer/Xcode/DerivedData/SocialApp-eazcwizlrhyfzsgnydfikkavzsbb/Build/Products/Debug-iphoneos/PackageFrameworks -F /Users/viniciuscarvalho/Library/Developer/Xcode/DerivedData/SocialApp-eazcwizlrhyfzsgnydfikkavzsbb/Build/Products/Debug-iphoneos/PackageFrameworks -F /Users/viniciuscarvalho/Library/Developer/Xcode/DerivedData/SocialApp-eazcwizlrhyfzsgnydfikkavzsbb/Build/Products/Debug-iphoneos/PackageFrameworks -F /Users/viniciuscarvalho/Library/Developer/Xcode/DerivedData/SocialApp-eazcwizlrhyfzsgnydfikkavzsbb/Build/Products/Debug-iphoneos/PackageFrameworks -F /Users/viniciuscarvalho/Library/Developer/Xcode/DerivedData/SocialApp-eazcwizlrhyfzsgnydfikkavzsbb/Build/Products/Debug-iphoneos/PackageFrameworks -F /Users/viniciuscarvalho/Library/Developer/Xcode/DerivedData/SocialApp-eazcwizlrhyfzsgnydfikkavzsbb/Build/Products/Debug-iphoneos/PackageFrameworks -F /Users/viniciuscarvalho/Library/Developer/Xcode/DerivedData/SocialApp-eazcwizlrhyfzsgnydfikkavzsbb/Build/Products/Debug-iphoneos/PackageFrameworks -F /Users/viniciuscarvalho/Library/Developer/Xcode/DerivedData/SocialApp-eazcwizlrhyfzsgnydfikkavzsbb/Build/Products/Debug-iphoneos/PackageFrameworks -F /Users/viniciuscarvalho/Library/Developer/Xcode/DerivedData/SocialApp-eazcwizlrhyfzsgnydfikkavzsbb/Build/Products/Debug-iphoneos/PackageFrameworks -F /Users/viniciuscarvalho/Library/Developer/Xcode/DerivedData/SocialApp-eazcwizlrhyfzsgnydfikkavzsbb/Build/Products/Debug-iphoneos/PackageFrameworks -F /Users/viniciuscarvalho/Library/Developer/Xcode/DerivedData/SocialApp-eazcwizlrhyfzsgnydfikkavzsbb/Build/Products/Debug-iphoneos/PackageFrameworks -F /Users/viniciuscarvalho/Library/Developer/Xcode/DerivedData/SocialApp-eazcwizlrhyfzsgnydfikkavzsbb/Build/Products/Debug-iphoneos/PackageFrameworks -F /Users/viniciuscarvalho/Library/Developer/Xcode/DerivedData/SocialApp-eazcwizlrhyfzsgnydfikkavzsbb/Build/Products/Debug-iphoneos/PackageFrameworks -F /Users/viniciuscarvalho/Library/Developer/Xcode/DerivedData/SocialApp-eazcwizlrhyfzsgnydfikkavzsbb/Build/Products/Debug-iphoneos/PackageFrameworks -F /Users/viniciuscarvalho/Library/Developer/Xcode/DerivedData/SocialApp-eazcwizlrhyfzsgnydfikkavzsbb/Build/Products/Debug-iphoneos/PackageFrameworks -F /Users/viniciuscarvalho/Library/Developer/Xcode/DerivedData/SocialApp-eazcwizlrhyfzsgnydfikkavzsbb/Build/Products/Debug-iphoneos/PackageFrameworks -F /Users/viniciuscarvalho/Library/Developer/Xcode/DerivedData/SocialApp-eazcwizlrhyfzsgnydfikkavzsbb/Build/Products/Debug-iphoneos/PackageFrameworks -F /Users/viniciuscarvalho/Library/Developer/Xcode/DerivedData/SocialApp-eazcwizlrhyfzsgnydfikkavzsbb/Build/Products/Debug-iphoneos/PackageFrameworks -F /Users/viniciuscarvalho/Library/Developer/Xcode/DerivedData/SocialApp-eazcwizlrhyfzsgnydfikkavzsbb/Build/Products/Debug-iphoneos/PackageFrameworks -F /Users/viniciuscarvalho/Library/Developer/Xcode/DerivedData/SocialApp-eazcwizlrhyfzsgnydfikkavzsbb/Build/Products/Debug-iphoneos/PackageFrameworks -F /Users/viniciuscarvalho/Library/Developer/Xcode/DerivedData/SocialApp-eazcwizlrhyfzsgnydfikkavzsbb/Build/Products/Debug-iphoneos/PackageFrameworks -F /Users/viniciuscarvalho/Library/Developer/Xcode/DerivedData/SocialApp-eazcwizlrhyfzsgnydfikkavzsbb/Build/Products/Debug-iphoneos/PackageFrameworks -F /Users/viniciuscarvalho/Library/Developer/Xcode/DerivedData/SocialApp-eazcwizlrhyfzsgnydfikkavzsbb/Build/Products/Debug-iphoneos/PackageFrameworks -F /Users/viniciuscarvalho/Library/Developer/Xcode/DerivedData/SocialApp-eazcwizlrhyfzsgnydfikkavzsbb/Build/Products/Debug-iphoneos/PackageFrameworks -F /Users/viniciuscarvalho/Library/Developer/Xcode/DerivedData/SocialApp-eazcwizlrhyfzsgnydfikkavzsbb/Build/Products/Debug-iphoneos/PackageFrameworks -F /Users/viniciuscarvalho/Library/Developer/Xcode/DerivedData/SocialApp-eazcwizlrhyfzsgnydfikkavzsbb/Build/Products/Debug-iphoneos/PackageFrameworks -F /Users/viniciuscarvalho/Library/Developer/Xcode/DerivedData/SocialApp-eazcwizlrhyfzsgnydfikkavzsbb/Build/Products/Debug-iphoneos/PackageFrameworks -F /Users/viniciuscarvalho/Library/Developer/Xcode/DerivedData/SocialApp-eazcwizlrhyfzsgnydfikkavzsbb/Build/Products/Debug-iphoneos/PackageFrameworks -F /Users/viniciuscarvalho/Library/Developer/Xcode/DerivedData/SocialApp-eazcwizlrhyfzsgnydfikkavzsbb/Build/Products/Debug-iphoneos/PackageFrameworks -F /Users/viniciuscarvalho/Library/Developer/Xcode/DerivedData/SocialApp-eazcwizlrhyfzsgnydfikkavzsbb/Build/Products/Debug-iphoneos/PackageFrameworks -F /Users/viniciuscarvalho/Library/Developer/Xcode/DerivedData/SocialApp-eazcwizlrhyfzsgnydfikkavzsbb/Build/Products/Debug-iphoneos/PackageFrameworks -F /Users/viniciuscarvalho/Library/Developer/Xcode/DerivedData/SocialApp-eazcwizlrhyfzsgnydfikkavzsbb/Build/Products/Debug-iphoneos/PackageFrameworks -F /Users/viniciuscarvalho/Library/Developer/Xcode/DerivedData/SocialApp-eazcwizlrhyfzsgnydfikkavzsbb/Build/Products/Debug-iphoneos/PackageFrameworks -F /Users/viniciuscarvalho/Library/Developer/Xcode/DerivedData/SocialApp-eazcwizlrhyfzsgnydfikkavzsbb/Build/Products/Debug-iphoneos/PackageFrameworks -F /Users/viniciuscarvalho/Library/Developer/Xcode/DerivedData/SocialApp-eazcwizlrhyfzsgnydfikkavzsbb/Build/Products/Debug-iphoneos/PackageFrameworks -F /Users/viniciuscarvalho/Library/Developer/Xcode/DerivedData/SocialApp-eazcwizlrhyfzsgnydfikkavzsbb/Build/Products/Debug-iphoneos/PackageFrameworks -F /Users/viniciuscarvalho/Library/Developer/Xcode/DerivedData/SocialApp-eazcwizlrhyfzsgnydfikkavzsbb/Build/Products/Debug-iphoneos/PackageFrameworks -F /Users/viniciuscarvalho/Library/Developer/Xcode/DerivedData/SocialApp-eazcwizlrhyfzsgnydfikkavzsbb/Build/Products/Debug-iphoneos/PackageFrameworks -F /Users/viniciuscarvalho/Library/Developer/Xcode/DerivedData/SocialApp-eazcwizlrhyfzsgnydfikkavzsbb/Build/Products/Debug-iphoneos/PackageFrameworks -F /Users/viniciuscarvalho/Library/Developer/Xcode/DerivedData/SocialApp-eazcwizlrhyfzsgnydfikkavzsbb/Build/Products/Debug-iphoneos/PackageFrameworks -F /Users/viniciuscarvalho/Library/Developer/Xcode/DerivedData/SocialApp-eazcwizlrhyfzsgnydfikkavzsbb/Build/Products/Debug-iphoneos/PackageFrameworks -F /Users/viniciuscarvalho/Library/Developer/Xcode/DerivedData/SocialApp-eazcwizlrhyfzsgnydfikkavzsbb/Build/Products/Debug-iphoneos/PackageFrameworks -F /Users/viniciuscarvalho/Library/Developer/Xcode/DerivedData/SocialApp-eazcwizlrhyfzsgnydfikkavzsbb/Build/Products/Debug-iphoneos/PackageFrameworks -F /Users/viniciuscarvalho/Library/Developer/Xcode/DerivedData/SocialApp-eazcwizlrhyfzsgnydfikkavzsbb/Build/Products/Debug-iphoneos -Xfrontend -load-plugin-executable -Xfrontend /Users/viniciuscarvalho/Library/Developer/Xcode/DerivedData/SocialApp-eazcwizlrhyfzsgnydfikkavzsbb/Build/Products/Debug/CasePathsMacros\#CasePathsMacros -Xfrontend -load-plugin-executable -Xfrontend /Users/viniciuscarvalho/Library/Developer/Xcode/DerivedData/SocialApp-eazcwizlrhyfzsgnydfikkavzsbb/Build/Products/Debug/ComposableArchitectureMacros\#ComposableArchitectureMacros -Xfrontend -load-plugin-executable -Xfrontend /Users/viniciuscarvalho/Library/Developer/Xcode/DerivedData/SocialApp-eazcwizlrhyfzsgnydfikkavzsbb/Build/Products/Debug/DependenciesMacrosPlugin\#DependenciesMacrosPlugin -Xfrontend -load-plugin-executable -Xfrontend /Users/viniciuscarvalho/Library/Developer/Xcode/DerivedData/SocialApp-eazcwizlrhyfzsgnydfikkavzsbb/Build/Products/Debug/PerceptionMacros\#PerceptionMacros -c -j8 -enable-batch-mode -incremental -Xcc -ivfsstatcache -Xcc /Users/viniciuscarvalho/Library/Developer/Xcode/DerivedData/SDKStatCaches.noindex/iphoneos26.1-23B77-69b33fc7382b27d9b5d46e82a00f8e78.sdkstatcache -output-file-map /Users/viniciuscarvalho/Library/Developer/Xcode/DerivedData/SocialApp-eazcwizlrhyfzsgnydfikkavzsbb/Build/Intermediates.noindex/SocialApp.build/Debug-iphoneos/SocialApp.build/Objects-normal/arm64/SocialApp-OutputFileMap.json -use-frontend-parseable-output -save-temps -no-color-diagnostics -explicit-module-build -module-cache-path /Users/viniciuscarvalho/Library/Developer/Xcode/DerivedData/SocialApp-eazcwizlrhyfzsgnydfikkavzsbb/Build/Intermediates.noindex/SwiftExplicitPrecompiledModules -clang-scanner-module-cache-path /Users/viniciuscarvalho/Library/Developer/Xcode/DerivedData/ModuleCache.noindex -sdk-module-cache-path /Users/viniciuscarvalho/Library/Developer/Xcode/DerivedData/ModuleCache.noindex -serialize-diagnostics -emit-dependencies -emit-module -emit-module-path /Users/viniciuscarvalho/Library/Developer/Xcode/DerivedData/SocialApp-eazcwizlrhyfzsgnydfikkavzsbb/Build/Intermediates.noindex/SocialApp.build/Debug-iphoneos/SocialApp.build/Objects-normal/arm64/SocialApp.swiftmodule -validate-clang-modules-once -clang-build-session-file /Users/viniciuscarvalho/Library/Developer/Xcode/DerivedData/ModuleCache.noindex/Session.modulevalidation -Xcc -I/Users/viniciuscarvalho/Library/Developer/Xcode/DerivedData/SocialApp-eazcwizlrhyfzsgnydfikkavzsbb/Build/Intermediates.noindex/SocialApp.build/Debug-iphoneos/SocialApp.build/swift-overrides.hmap -emit-const-values -Xfrontend -const-gather-protocols-file -Xfrontend /Users/viniciuscarvalho/Library/Developer/Xcode/DerivedData/SocialApp-eazcwizlrhyfzsgnydfikkavzsbb/Build/Intermediates.noindex/SocialApp.build/Debug-iphoneos/SocialApp.build/Objects-normal/arm64/SocialApp_const_extract_protocols.json -Xcc -iquote -Xcc /Users/viniciuscarvalho/Library/Developer/Xcode/DerivedData/SocialApp-eazcwizlrhyfzsgnydfikkavzsbb/Build/Intermediates.noindex/SocialApp.build/Debug-iphoneos/SocialApp.build/SocialApp-generated-files.hmap -Xcc -I/Users/viniciuscarvalho/Library/Developer/Xcode/DerivedData/SocialApp-eazcwizlrhyfzsgnydfikkavzsbb/Build/Intermediates.noindex/SocialApp.build/Debug-iphoneos/SocialApp.build/SocialApp-own-target-headers.hmap -Xcc -I/Users/viniciuscarvalho/Library/Developer/Xcode/DerivedData/SocialApp-eazcwizlrhyfzsgnydfikkavzsbb/Build/Intermediates.noindex/SocialApp.build/Debug-iphoneos/SocialApp.build/SocialApp-all-non-framework-target-headers.hmap -Xcc -ivfsoverlay -Xcc /Users/viniciuscarvalho/Library/Developer/Xcode/DerivedData/SocialApp-eazcwizlrhyfzsgnydfikkavzsbb/Build/Intermediates.noindex/SocialApp.build/Debug-iphoneos/SocialApp-fcc3971634c685b5abf85baa0987402d-VFS-iphoneos/all-product-headers.yaml -Xcc -iquote -Xcc /Users/viniciuscarvalho/Library/Developer/Xcode/DerivedData/SocialApp-eazcwizlrhyfzsgnydfikkavzsbb/Build/Intermediates.noindex/SocialApp.build/Debug-iphoneos/SocialApp.build/SocialApp-project-headers.hmap -Xcc -I/Users/viniciuscarvalho/Library/Developer/Xcode/DerivedData/SocialApp-eazcwizlrhyfzsgnydfikkavzsbb/SourcePackages/checkouts/swift-navigation/Sources/UIKitNavigationShim/include -Xcc -I/Users/viniciuscarvalho/Library/Developer/Xcode/DerivedData/SocialApp-eazcwizlrhyfzsgnydfikkavzsbb/SourcePackages/checkouts/promises/Sources/FBLPromises/include -Xcc -I/Users/viniciuscarvalho/Library/Developer/Xcode/DerivedData/SocialApp-eazcwizlrhyfzsgnydfikkavzsbb/SourcePackages/checkouts/GoogleUtilities/GoogleUtilities/UserDefaults/Public -Xcc -I/Users/viniciuscarvalho/Library/Developer/Xcode/DerivedData/SocialApp-eazcwizlrhyfzsgnydfikkavzsbb/SourcePackages/checkouts/GoogleUtilities/GoogleUtilities/Network/Public -Xcc -I/Users/viniciuscarvalho/Library/Developer/Xcode/DerivedData/SocialApp-eazcwizlrhyfzsgnydfikkavzsbb/SourcePackages/checkouts/GoogleUtilities/GoogleUtilities/NSData+zlib/Public -Xcc -I/Users/viniciuscarvalho/Library/Developer/Xcode/DerivedData/SocialApp-eazcwizlrhyfzsgnydfikkavzsbb/SourcePackages/checkouts/GoogleUtilities/GoogleUtilities/AppDelegateSwizzler/Public -Xcc -I/Users/viniciuscarvalho/Library/Developer/Xcode/DerivedData/SocialApp-eazcwizlrhyfzsgnydfikkavzsbb/SourcePackages/checkouts/GoogleUtilities/GoogleUtilities/Logger/Public -Xcc -I/Users/viniciuscarvalho/Library/Developer/Xcode/DerivedData/SocialApp-eazcwizlrhyfzsgnydfikkavzsbb/SourcePackages/checkouts/GoogleUtilities/GoogleUtilities/Environment/Public -Xcc -I/Users/viniciuscarvalho/Library/Developer/Xcode/DerivedData/SocialApp-eazcwizlrhyfzsgnydfikkavzsbb/SourcePackages/checkouts/GoogleUtilities/third_party/IsAppEncrypted/Public -Xcc -I/Users/viniciuscarvalho/Library/Developer/Xcode/DerivedData/SocialApp-eazcwizlrhyfzsgnydfikkavzsbb/SourcePackages/checkouts/GoogleUtilities/GoogleUtilities/Reachability/Public -Xcc -I/Users/viniciuscarvalho/Library/Developer/Xcode/DerivedData/SocialApp-eazcwizlrhyfzsgnydfikkavzsbb/SourcePackages/checkouts/GoogleDataTransport/GoogleDataTransport/GDTCORLibrary/Public -Xcc -I/Users/viniciuscarvalho/Library/Developer/Xcode/DerivedData/SocialApp-eazcwizlrhyfzsgnydfikkavzsbb/SourcePackages/checkouts/nanopb/spm_headers -Xcc -I/Users/viniciuscarvalho/Library/Developer/Xcode/DerivedData/SocialApp-eazcwizlrhyfzsgnydfikkavzsbb/SourcePackages/checkouts/firebase-ios-sdk/FirebaseInstallations/Source/Library/Public -Xcc -I/Users/viniciuscarvalho/Library/Developer/Xcode/DerivedData/SocialApp-eazcwizlrhyfzsgnydfikkavzsbb/SourcePackages/checkouts/firebase-ios-sdk/FirebaseCore/Sources/Public -Xcc -I/Users/viniciuscarvalho/Library/Developer/Xcode/DerivedData/SocialApp-eazcwizlrhyfzsgnydfikkavzsbb/SourcePackages/checkouts/firebase-ios-sdk/CoreOnly/Sources -Xcc -I/Users/viniciuscarvalho/Library/Developer/Xcode/DerivedData/SocialApp-eazcwizlrhyfzsgnydfikkavzsbb/SourcePackages/checkouts/firebase-ios-sdk/FirebaseMessaging/Sources/Public -Xcc -I/Users/viniciuscarvalho/Library/Developer/Xcode/DerivedData/SocialApp-eazcwizlrhyfzsgnydfikkavzsbb/Build/Products/Debug-iphoneos/include -Xcc -I/Users/viniciuscarvalho/Library/Developer/Xcode/DerivedData/SocialApp-eazcwizlrhyfzsgnydfikkavzsbb/Build/Intermediates.noindex/SocialApp.build/Debug-iphoneos/SocialApp.build/DerivedSources-normal/arm64 -Xcc -I/Users/viniciuscarvalho/Library/Developer/Xcode/DerivedData/SocialApp-eazcwizlrhyfzsgnydfikkavzsbb/Build/Intermediates.noindex/SocialApp.build/Debug-iphoneos/SocialApp.build/DerivedSources/arm64 -Xcc -I/Users/viniciuscarvalho/Library/Developer/Xcode/DerivedData/SocialApp-eazcwizlrhyfzsgnydfikkavzsbb/Build/Intermediates.noindex/SocialApp.build/Debug-iphoneos/SocialApp.build/DerivedSources -Xcc -DDEBUG\=1 -emit-objc-header -emit-objc-header-path /Users/viniciuscarvalho/Library/Developer/Xcode/DerivedData/SocialApp-eazcwizlrhyfzsgnydfikkavzsbb/Build/Intermediates.noindex/SocialApp.build/Debug-iphoneos/SocialApp.build/Objects-normal/arm64/SocialApp-Swift.h -working-directory /Users/viniciuscarvalho/Documents/Social/SocialApp/SocialApp -experimental-emit-module-separately -disable-cmo

CompileAssetCatalogVariant thinned /Users/viniciuscarvalho/Library/Developer/Xcode/DerivedData/SocialApp-eazcwizlrhyfzsgnydfikkavzsbb/Build/Products/Debug-iphoneos/SocialApp.app /Users/viniciuscarvalho/Documents/Social/SocialApp/SocialApp/SocialApp/Resources/Assets.xcassets /Users/viniciuscarvalho/Documents/Social/SocialApp/SocialApp/SocialApp/Resources/Preview\ Content/Preview\ Assets.xcassets (in target 'SocialApp' from project 'SocialApp')
    cd /Users/viniciuscarvalho/Documents/Social/SocialApp/SocialApp
    /Applications/Xcode.app/Contents/Developer/usr/bin/actool /Users/viniciuscarvalho/Documents/Social/SocialApp/SocialApp/SocialApp/Resources/Assets.xcassets /Users/viniciuscarvalho/Documents/Social/SocialApp/SocialApp/SocialApp/Resources/Preview\ Content/Preview\ Assets.xcassets --compile /Users/viniciuscarvalho/Library/Developer/Xcode/DerivedData/SocialApp-eazcwizlrhyfzsgnydfikkavzsbb/Build/Intermediates.noindex/SocialApp.build/Debug-iphoneos/SocialApp.build/assetcatalog_output/thinned --output-format human-readable-text --notices --warnings --export-dependency-info /Users/viniciuscarvalho/Library/Developer/Xcode/DerivedData/SocialApp-eazcwizlrhyfzsgnydfikkavzsbb/Build/Intermediates.noindex/SocialApp.build/Debug-iphoneos/SocialApp.build/assetcatalog_dependencies_thinned --output-partial-info-plist /Users/viniciuscarvalho/Library/Developer/Xcode/DerivedData/SocialApp-eazcwizlrhyfzsgnydfikkavzsbb/Build/Intermediates.noindex/SocialApp.build/Debug-iphoneos/SocialApp.build/assetcatalog_generated_info.plist_thinned --app-icon AppIcon --accent-color AccentColor --compress-pngs --enable-on-demand-resources YES --development-region pt-BR --target-device iphone --target-device ipad --minimum-deployment-target 26.1 --platform iphoneos

SwiftCompile normal arm64 Compiling\ SignInView.swift,\ SignUpView.swift,\ SplashView.swift,\ WelcomeView.swift,\ ProfileFeature.swift,\ ProfileView.swift,\ SellerProfileFeature.swift,\ SellerProfileView.swift,\ TicketDetailFeature.swift /Users/viniciuscarvalho/Documents/Social/SocialApp/SocialApp/Projects/Features/Login/Views/SignInView.swift /Users/viniciuscarvalho/Documents/Social/SocialApp/SocialApp/Projects/Features/Login/Views/SignUpView.swift /Users/viniciuscarvalho/Documents/Social/SocialApp/SocialApp/Projects/Features/Login/Views/SplashView.swift /Users/viniciuscarvalho/Documents/Social/SocialApp/SocialApp/Projects/Features/Login/Views/WelcomeView.swift /Users/viniciuscarvalho/Documents/Social/SocialApp/SocialApp/Projects/Features/Profile/ProfileFeature.swift /Users/viniciuscarvalho/Documents/Social/SocialApp/SocialApp/Projects/Features/Profile/ProfileView.swift /Users/viniciuscarvalho/Documents/Social/SocialApp/SocialApp/Projects/Features/SellerProfile/Sources/SellerProfileFeature.swift /Users/viniciuscarvalho/Documents/Social/SocialApp/SocialApp/Projects/Features/SellerProfile/Sources/SellerProfileView.swift /Users/viniciuscarvalho/Documents/Social/SocialApp/SocialApp/Projects/Features/TicketDetail/Sources/TicketDetailFeature.swift (in target 'SocialApp' from project 'SocialApp')
SwiftCompile normal arm64 /Users/viniciuscarvalho/Documents/Social/SocialApp/SocialApp/Projects/Features/Login/Views/SignInView.swift (in target 'SocialApp' from project 'SocialApp')
    cd /Users/viniciuscarvalho/Documents/Social/SocialApp/SocialApp
    

SwiftCompile normal arm64 /Users/viniciuscarvalho/Documents/Social/SocialApp/SocialApp/Projects/Features/Login/Views/SignUpView.swift (in target 'SocialApp' from project 'SocialApp')
    cd /Users/viniciuscarvalho/Documents/Social/SocialApp/SocialApp
    

SwiftCompile normal arm64 /Users/viniciuscarvalho/Documents/Social/SocialApp/SocialApp/Projects/Features/Login/Views/SplashView.swift (in target 'SocialApp' from project 'SocialApp')
    cd /Users/viniciuscarvalho/Documents/Social/SocialApp/SocialApp
    

SwiftCompile normal arm64 /Users/viniciuscarvalho/Documents/Social/SocialApp/SocialApp/Projects/Features/Login/Views/WelcomeView.swift (in target 'SocialApp' from project 'SocialApp')
    cd /Users/viniciuscarvalho/Documents/Social/SocialApp/SocialApp
    

SwiftCompile normal arm64 /Users/viniciuscarvalho/Documents/Social/SocialApp/SocialApp/Projects/Features/Profile/ProfileFeature.swift (in target 'SocialApp' from project 'SocialApp')
    cd /Users/viniciuscarvalho/Documents/Social/SocialApp/SocialApp
    

SwiftCompile normal arm64 /Users/viniciuscarvalho/Documents/Social/SocialApp/SocialApp/Projects/Features/Profile/ProfileView.swift (in target 'SocialApp' from project 'SocialApp')
    cd /Users/viniciuscarvalho/Documents/Social/SocialApp/SocialApp
    

SwiftCompile normal arm64 /Users/viniciuscarvalho/Documents/Social/SocialApp/SocialApp/Projects/Features/SellerProfile/Sources/SellerProfileFeature.swift (in target 'SocialApp' from project 'SocialApp')
    cd /Users/viniciuscarvalho/Documents/Social/SocialApp/SocialApp
    

SwiftCompile normal arm64 /Users/viniciuscarvalho/Documents/Social/SocialApp/SocialApp/Projects/Features/SellerProfile/Sources/SellerProfileView.swift (in target 'SocialApp' from project 'SocialApp')
    cd /Users/viniciuscarvalho/Documents/Social/SocialApp/SocialApp
    

SwiftCompile normal arm64 /Users/viniciuscarvalho/Documents/Social/SocialApp/SocialApp/Projects/Features/TicketDetail/Sources/TicketDetailFeature.swift (in target 'SocialApp' from project 'SocialApp')
    cd /Users/viniciuscarvalho/Documents/Social/SocialApp/SocialApp
    

SwiftCompile normal arm64 Compiling\ TuistAssets+SocialApp.swift,\ TuistBundle+SocialApp.swift,\ TuistPlists+SocialApp.swift,\ MockData.swift,\ Models.swift,\ EventCard.swift,\ EventCardLarge.swift,\ EventCardSmall.swift,\ SectionHeader.swift,\ EventDetailFeature.swift /Users/viniciuscarvalho/Documents/Social/SocialApp/SocialApp/Derived/Sources/TuistAssets+SocialApp.swift /Users/viniciuscarvalho/Documents/Social/SocialApp/SocialApp/Derived/Sources/TuistBundle+SocialApp.swift /Users/viniciuscarvalho/Documents/Social/SocialApp/SocialApp/Derived/Sources/TuistPlists+SocialApp.swift /Users/viniciuscarvalho/Documents/Social/SocialApp/SocialApp/Domain/Sources/MockData.swift /Users/viniciuscarvalho/Documents/Social/SocialApp/SocialApp/Domain/Sources/Models.swift /Users/viniciuscarvalho/Documents/Social/SocialApp/SocialApp/Projects/Features/Events/Sources/Components/EventCard.swift /Users/viniciuscarvalho/Documents/Social/SocialApp/SocialApp/Projects/Features/Events/Sources/Components/EventCardLarge.swift /Users/viniciuscarvalho/Documents/Social/SocialApp/SocialApp/Projects/Features/Events/Sources/Components/EventCardSmall.swift /Users/viniciuscarvalho/Documents/Social/SocialApp/SocialApp/Projects/Features/Events/Sources/Components/SectionHeader.swift /Users/viniciuscarvalho/Documents/Social/SocialApp/SocialApp/Projects/Features/Events/Sources/Details/EventDetailFeature.swift (in target 'SocialApp' from project 'SocialApp')
SwiftCompile normal arm64 /Users/viniciuscarvalho/Documents/Social/SocialApp/SocialApp/Derived/Sources/TuistAssets+SocialApp.swift (in target 'SocialApp' from project 'SocialApp')
    cd /Users/viniciuscarvalho/Documents/Social/SocialApp/SocialApp
    

SwiftCompile normal arm64 /Users/viniciuscarvalho/Documents/Social/SocialApp/SocialApp/Derived/Sources/TuistBundle+SocialApp.swift (in target 'SocialApp' from project 'SocialApp')
    cd /Users/viniciuscarvalho/Documents/Social/SocialApp/SocialApp
    

SwiftCompile normal arm64 /Users/viniciuscarvalho/Documents/Social/SocialApp/SocialApp/Derived/Sources/TuistPlists+SocialApp.swift (in target 'SocialApp' from project 'SocialApp')
    cd /Users/viniciuscarvalho/Documents/Social/SocialApp/SocialApp
    

SwiftCompile normal arm64 /Users/viniciuscarvalho/Documents/Social/SocialApp/SocialApp/Domain/Sources/MockData.swift (in target 'SocialApp' from project 'SocialApp')
    cd /Users/viniciuscarvalho/Documents/Social/SocialApp/SocialApp
    

SwiftCompile normal arm64 /Users/viniciuscarvalho/Documents/Social/SocialApp/SocialApp/Domain/Sources/Models.swift (in target 'SocialApp' from project 'SocialApp')
    cd /Users/viniciuscarvalho/Documents/Social/SocialApp/SocialApp
    

SwiftCompile normal arm64 /Users/viniciuscarvalho/Documents/Social/SocialApp/SocialApp/Projects/Features/Events/Sources/Components/EventCard.swift (in target 'SocialApp' from project 'SocialApp')
    cd /Users/viniciuscarvalho/Documents/Social/SocialApp/SocialApp
    

SwiftCompile normal arm64 /Users/viniciuscarvalho/Documents/Social/SocialApp/SocialApp/Projects/Features/Events/Sources/Components/EventCardLarge.swift (in target 'SocialApp' from project 'SocialApp')
    cd /Users/viniciuscarvalho/Documents/Social/SocialApp/SocialApp
    

SwiftCompile normal arm64 /Users/viniciuscarvalho/Documents/Social/SocialApp/SocialApp/Projects/Features/Events/Sources/Components/EventCardSmall.swift (in target 'SocialApp' from project 'SocialApp')
    cd /Users/viniciuscarvalho/Documents/Social/SocialApp/SocialApp
    

SwiftCompile normal arm64 /Users/viniciuscarvalho/Documents/Social/SocialApp/SocialApp/Projects/Features/Events/Sources/Components/SectionHeader.swift (in target 'SocialApp' from project 'SocialApp')
    cd /Users/viniciuscarvalho/Documents/Social/SocialApp/SocialApp
    

SwiftCompile normal arm64 /Users/viniciuscarvalho/Documents/Social/SocialApp/SocialApp/Projects/Features/Events/Sources/Details/EventDetailFeature.swift (in target 'SocialApp' from project 'SocialApp')
    cd /Users/viniciuscarvalho/Documents/Social/SocialApp/SocialApp
    

SwiftCompile normal arm64 Compiling\ SearchView.swift,\ HomeFeature.swift,\ HomeView.swift,\ AuthFeature.swift,\ SupabaseManager.swift,\ AuthenticationView.swift,\ CustomTextField.swift,\ EmailVerificationView.swift,\ OnboardingView.swift,\ SelectInterestsView.swift /Users/viniciuscarvalho/Documents/Social/SocialApp/SocialApp/Projects/Features/Events/Sources/SearchView.swift /Users/viniciuscarvalho/Documents/Social/SocialApp/SocialApp/Projects/Features/Home/HomeFeature.swift /Users/viniciuscarvalho/Documents/Social/SocialApp/SocialApp/Projects/Features/Home/HomeView.swift /Users/viniciuscarvalho/Documents/Social/SocialApp/SocialApp/Projects/Features/Login/Auth/AuthFeature.swift /Users/viniciuscarvalho/Documents/Social/SocialApp/SocialApp/Projects/Features/Login/Auth/SupabaseManager.swift /Users/viniciuscarvalho/Documents/Social/SocialApp/SocialApp/Projects/Features/Login/Views/AuthenticationView.swift /Users/viniciuscarvalho/Documents/Social/SocialApp/SocialApp/Projects/Features/Login/Views/CustomTextField.swift /Users/viniciuscarvalho/Documents/Social/SocialApp/SocialApp/Projects/Features/Login/Views/EmailVerificationView.swift /Users/viniciuscarvalho/Documents/Social/SocialApp/SocialApp/Projects/Features/Login/Views/OnboardingView.swift /Users/viniciuscarvalho/Documents/Social/SocialApp/SocialApp/Projects/Features/Login/Views/SelectInterestsView.swift (in target 'SocialApp' from project 'SocialApp')
SwiftCompile normal arm64 /Users/viniciuscarvalho/Documents/Social/SocialApp/SocialApp/Projects/Features/Events/Sources/SearchView.swift (in target 'SocialApp' from project 'SocialApp')
    cd /Users/viniciuscarvalho/Documents/Social/SocialApp/SocialApp
    

SwiftCompile normal arm64 /Users/viniciuscarvalho/Documents/Social/SocialApp/SocialApp/Projects/Features/Home/HomeFeature.swift (in target 'SocialApp' from project 'SocialApp')
    cd /Users/viniciuscarvalho/Documents/Social/SocialApp/SocialApp
    

SwiftCompile normal arm64 /Users/viniciuscarvalho/Documents/Social/SocialApp/SocialApp/Projects/Features/Home/HomeView.swift (in target 'SocialApp' from project 'SocialApp')
    cd /Users/viniciuscarvalho/Documents/Social/SocialApp/SocialApp
    

SwiftCompile normal arm64 /Users/viniciuscarvalho/Documents/Social/SocialApp/SocialApp/Projects/Features/Login/Auth/AuthFeature.swift (in target 'SocialApp' from project 'SocialApp')
    cd /Users/viniciuscarvalho/Documents/Social/SocialApp/SocialApp
    

SwiftCompile normal arm64 /Users/viniciuscarvalho/Documents/Social/SocialApp/SocialApp/Projects/Features/Login/Auth/SupabaseManager.swift (in target 'SocialApp' from project 'SocialApp')
    cd /Users/viniciuscarvalho/Documents/Social/SocialApp/SocialApp
    

SwiftCompile normal arm64 /Users/viniciuscarvalho/Documents/Social/SocialApp/SocialApp/Projects/Features/Login/Views/AuthenticationView.swift (in target 'SocialApp' from project 'SocialApp')
    cd /Users/viniciuscarvalho/Documents/Social/SocialApp/SocialApp
    

SwiftCompile normal arm64 /Users/viniciuscarvalho/Documents/Social/SocialApp/SocialApp/Projects/Features/Login/Views/CustomTextField.swift (in target 'SocialApp' from project 'SocialApp')
    cd /Users/viniciuscarvalho/Documents/Social/SocialApp/SocialApp
    

SwiftCompile normal arm64 /Users/viniciuscarvalho/Documents/Social/SocialApp/SocialApp/Projects/Features/Login/Views/EmailVerificationView.swift (in target 'SocialApp' from project 'SocialApp')
    cd /Users/viniciuscarvalho/Documents/Social/SocialApp/SocialApp
    

SwiftCompile normal arm64 /Users/viniciuscarvalho/Documents/Social/SocialApp/SocialApp/Projects/Features/Login/Views/OnboardingView.swift (in target 'SocialApp' from project 'SocialApp')
    cd /Users/viniciuscarvalho/Documents/Social/SocialApp/SocialApp
    

SwiftCompile normal arm64 /Users/viniciuscarvalho/Documents/Social/SocialApp/SocialApp/Projects/Features/Login/Views/SelectInterestsView.swift (in target 'SocialApp' from project 'SocialApp')
    cd /Users/viniciuscarvalho/Documents/Social/SocialApp/SocialApp
    

SwiftEmitModule normal arm64 Emitting\ module\ for\ SocialApp (in target 'SocialApp' from project 'SocialApp')
Failed frontend command:
/Applications/Xcode.app/Contents/Developer/Toolchains/XcodeDefault.xctoolchain/usr/bin/swift-frontend -frontend -emit-module -experimental-skip-non-inlinable-function-bodies-without-types /Users/viniciuscarvalho/Documents/Social/SocialApp/SocialApp/Derived/Sources/TuistAssets+SocialApp.swift /Users/viniciuscarvalho/Documents/Social/SocialApp/SocialApp/Derived/Sources/TuistBundle+SocialApp.swift /Users/viniciuscarvalho/Documents/Social/SocialApp/SocialApp/Derived/Sources/TuistPlists+SocialApp.swift /Users/viniciuscarvalho/Documents/Social/SocialApp/SocialApp/Domain/Sources/MockData.swift /Users/viniciuscarvalho/Documents/Social/SocialApp/SocialApp/Domain/Sources/Models.swift /Users/viniciuscarvalho/Documents/Social/SocialApp/SocialApp/Projects/Features/Events/Sources/Components/EventCard.swift /Users/viniciuscarvalho/Documents/Social/SocialApp/SocialApp/Projects/Features/Events/Sources/Components/EventCardLarge.swift /Users/viniciuscarvalho/Documents/Social/SocialApp/SocialApp/Projects/Features/Events/Sources/Components/EventCardSmall.swift /Users/viniciuscarvalho/Documents/Social/SocialApp/SocialApp/Projects/Features/Events/Sources/Components/SectionHeader.swift /Users/viniciuscarvalho/Documents/Social/SocialApp/SocialApp/Projects/Features/Events/Sources/Details/EventDetailFeature.swift /Users/viniciuscarvalho/Documents/Social/SocialApp/SocialApp/Projects/Features/Events/Sources/Details/EventDetailView.swift /Users/viniciuscarvalho/Documents/Social/SocialApp/SocialApp/Projects/Features/Events/Sources/EventsFeature.swift /Users/viniciuscarvalho/Documents/Social/SocialApp/SocialApp/Projects/Features/Events/Sources/EventsView.swift /Users/viniciuscarvalho/Documents/Social/SocialApp/SocialApp/Projects/Features/Events/Sources/Favorites/FavoriteButton.swift /Users/viniciuscarvalho/Documents/Social/SocialApp/SocialApp/Projects/Features/Events/Sources/Favorites/FavoriteEvent.swift /Users/viniciuscarvalho/Documents/Social/SocialApp/SocialApp/Projects/Features/Events/Sources/Favorites/FavoritesFeature.swift /Users/viniciuscarvalho/Documents/Social/SocialApp/SocialApp/Projects/Features/Events/Sources/Favorites/FavoritesView.swift /Users/viniciuscarvalho/Documents/Social/SocialApp/SocialApp/Projects/Features/Events/Sources/PopularEventsView.swift /Users/viniciuscarvalho/Documents/Social/SocialApp/SocialApp/Projects/Features/Events/Sources/RecommendedEventsView.swift /Users/viniciuscarvalho/Documents/Social/SocialApp/SocialApp/Projects/Features/Events/Sources/SearchFeature.swift /Users/viniciuscarvalho/Documents/Social/SocialApp/SocialApp/Projects/Features/Events/Sources/SearchView.swift /Users/viniciuscarvalho/Documents/Social/SocialApp/SocialApp/Projects/Features/Home/HomeFeature.swift /Users/viniciuscarvalho/Documents/Social/SocialApp/SocialApp/Projects/Features/Home/HomeView.swift /Users/viniciuscarvalho/Documents/Social/SocialApp/SocialApp/Projects/Features/Login/Auth/AuthFeature.swift /Users/viniciuscarvalho/Documents/Social/SocialApp/SocialApp/Projects/Features/Login/Auth/SupabaseManager.swift /Users/viniciuscarvalho/Documents/Social/SocialApp/SocialApp/Projects/Features/Login/Views/AuthenticationView.swift /Users/viniciuscarvalho/Documents/Social/SocialApp/SocialApp/Projects/Features/Login/Views/CustomTextField.swift /Users/viniciuscarvalho/Documents/Social/SocialApp/SocialApp/Projects/Features/Login/Views/EmailVerificationView.swift /Users/viniciuscarvalho/Documents/Social/SocialApp/SocialApp/Projects/Features/Login/Views/OnboardingView.swift /Users/viniciuscarvalho/Documents/Social/SocialApp/SocialApp/Projects/Features/Login/Views/SelectInterestsView.swift /Users/viniciuscarvalho/Documents/Social/SocialApp/SocialApp/Projects/Features/Login/Views/SignInView.swift /Users/viniciuscarvalho/Documents/Social/SocialApp/SocialApp/Projects/Features/Login/Views/SignUpView.swift /Users/viniciuscarvalho/Documents/Social/SocialApp/SocialApp/Projects/Features/Login/Views/SplashView.swift /Users/viniciuscarvalho/Documents/Social/SocialApp/SocialApp/Projects/Features/Login/Views/WelcomeView.swift /Users/viniciuscarvalho/Documents/Social/SocialApp/SocialApp/Projects/Features/Profile/ProfileFeature.swift /Users/viniciuscarvalho/Documents/Social/SocialApp/SocialApp/Projects/Features/Profile/ProfileView.swift /Users/viniciuscarvalho/Documents/Social/SocialApp/SocialApp/Projects/Features/SellerProfile/Sources/SellerProfileFeature.swift /Users/viniciuscarvalho/Documents/Social/SocialApp/SocialApp/Projects/Features/SellerProfile/Sources/SellerProfileView.swift /Users/viniciuscarvalho/Documents/Social/SocialApp/SocialApp/Projects/Features/TicketDetail/Sources/TicketDetailFeature.swift /Users/viniciuscarvalho/Documents/Social/SocialApp/SocialApp/Projects/Features/TicketDetail/Sources/TicketDetailView.swift /Users/viniciuscarvalho/Documents/Social/SocialApp/SocialApp/Projects/Features/TicketsList/Sources/AddTicketFeature.swift /Users/viniciuscarvalho/Documents/Social/SocialApp/SocialApp/Projects/Features/TicketsList/Sources/AddTicketView.swift /Users/viniciuscarvalho/Documents/Social/SocialApp/SocialApp/Projects/Features/TicketsList/Sources/MyTicketsFeature.swift /Users/viniciuscarvalho/Documents/Social/SocialApp/SocialApp/Projects/Features/TicketsList/Sources/MyTicketsView.swift /Users/viniciuscarvalho/Documents/Social/SocialApp/SocialApp/Projects/Features/TicketsList/Sources/TicketCard.swift /Users/viniciuscarvalho/Documents/Social/SocialApp/SocialApp/Projects/Features/TicketsList/Sources/TicketDetailsStepView.swift /Users/viniciuscarvalho/Documents/Social/SocialApp/SocialApp/Projects/Features/TicketsList/Sources/TicketMediaStepView.swift /Users/viniciuscarvalho/Documents/Social/SocialApp/SocialApp/Projects/Features/TicketsList/Sources/TicketPricingStepView.swift /Users/viniciuscarvalho/Documents/Social/SocialApp/SocialApp/Projects/Features/TicketsList/Sources/TicketReviewPublishView.swift /Users/viniciuscarvalho/Documents/Social/SocialApp/SocialApp/Projects/Features/TicketsList/Sources/TicketValidityStepView.swift /Users/viniciuscarvalho/Documents/Social/SocialApp/SocialApp/Projects/Features/TicketsList/Sources/TicketsListFeature.swift /Users/viniciuscarvalho/Documents/Social/SocialApp/SocialApp/Projects/Features/TicketsList/Sources/TicketsListView.swift /Users/viniciuscarvalho/Documents/Social/SocialApp/SocialApp/Projects/Features/Verification/Sources/VerificationFeature.swift /Users/viniciuscarvalho/Documents/Social/SocialApp/SocialApp/Projects/Features/Verification/Sources/VerificationView.swift /Users/viniciuscarvalho/Documents/Social/SocialApp/SocialApp/SocialApp/Sources/Commons/CategoryPill.swift /Users/viniciuscarvalho/Documents/Social/SocialApp/SocialApp/SocialApp/Sources/Commons/FilterSheet.swift /Users/viniciuscarvalho/Documents/Social/SocialApp/SocialApp/SocialApp/Sources/Commons/PriceRangeSlider.swift /Users/viniciuscarvalho/Documents/Social/SocialApp/SocialApp/SocialApp/Sources/Commons/SkeletonView.swift /Users/viniciuscarvalho/Documents/Social/SocialApp/SocialApp/SocialApp/Sources/Commons/StarRatingView.swift /Users/viniciuscarvalho/Documents/Social/SocialApp/SocialApp/SocialApp/Sources/Commons/SuccessView.swift /Users/viniciuscarvalho/Documents/Social/SocialApp/SocialApp/SocialApp/Sources/Commons/TrustScoreBadge.swift /Users/viniciuscarvalho/Documents/Social/SocialApp/SocialApp/SocialApp/Sources/Commons/ValidationStatusBanner.swift /Users/viniciuscarvalho/Documents/Social/SocialApp/SocialApp/SocialApp/Sources/Commons/VerificationProgressView.swift /Users/viniciuscarvalho/Documents/Social/SocialApp/SocialApp/SocialApp/Sources/Dependencies/AuthClient.swift /Users/viniciuscarvalho/Documents/Social/SocialApp/SocialApp/SocialApp/Sources/Dependencies/EventsClient.swift /Users/viniciuscarvalho/Documents/Social/SocialApp/SocialApp/SocialApp/Sources/Dependencies/FavoritesClient.swift /Users/viniciuscarvalho/Documents/Social/SocialApp/SocialApp/SocialApp/Sources/Dependencies/HomeClient.swift /Users/viniciuscarvalho/Documents/Social/SocialApp/SocialApp/SocialApp/Sources/Dependencies/NegotiationClient.swift /Users/viniciuscarvalho/Documents/Social/SocialApp/SocialApp/SocialApp/Sources/Dependencies/ProfileClient.swift /Users/viniciuscarvalho/Documents/Social/SocialApp/SocialApp/SocialApp/Sources/Dependencies/TicketsClient.swift /Users/viniciuscarvalho/Documents/Social/SocialApp/SocialApp/SocialApp/Sources/Dependencies/UserClient.swift /Users/viniciuscarvalho/Documents/Social/SocialApp/SocialApp/SocialApp/Sources/Services/BackgroundProtectionService.swift /Users/viniciuscarvalho/Documents/Social/SocialApp/SocialApp/SocialApp/Sources/Services/BiometricAuthService.swift /Users/viniciuscarvalho/Documents/Social/SocialApp/SocialApp/SocialApp/Sources/Services/DeepLinkService.swift /Users/viniciuscarvalho/Documents/Social/SocialApp/SocialApp/SocialApp/Sources/Services/JSONLoader.swift /Users/viniciuscarvalho/Documents/Social/SocialApp/SocialApp/SocialApp/Sources/Services/NetworkService.swift /Users/viniciuscarvalho/Documents/Social/SocialApp/SocialApp/SocialApp/Sources/Services/PushNotificationService.swift /Users/viniciuscarvalho/Documents/Social/SocialApp/SocialApp/SocialApp/Sources/SocialApp.swift /Users/viniciuscarvalho/Documents/Social/SocialApp/SocialApp/SocialApp/Sources/SocialAppFeature.swift /Users/viniciuscarvalho/Documents/Social/SocialApp/SocialApp/SocialApp/Sources/SocialAppView.swift /Users/viniciuscarvalho/Documents/Social/SocialApp/SocialApp/SocialApp/Sources/ThemeApp/AdaptiveStyles.swift /Users/viniciuscarvalho/Documents/Social/SocialApp/SocialApp/SocialApp/Sources/ThemeApp/AppColors.swift /Users/viniciuscarvalho/Documents/Social/SocialApp/SocialApp/SocialApp/Sources/ThemeApp/ThemeManager.swift /Users/viniciuscarvalho/Documents/Social/SocialApp/SocialApp/SocialApp/Sources/ThemeApp/ThemeToggleView.swift /Users/viniciuscarvalho/Library/Developer/Xcode/DerivedData/SocialApp-eazcwizlrhyfzsgnydfikkavzsbb/Build/Intermediates.noindex/SocialApp.build/Debug-iphoneos/SocialApp.build/DerivedSources/GeneratedAssetSymbols.swift -target arm64-apple-ios26.1 -module-can-import-version DeveloperToolsSupport 23.0.4 23.0.4 -module-can-import-version SwiftUI 7.1.13.1 7.1.13 -disable-cross-import-overlay-search -swift-module-cross-import PhotosUI /Applications/Xcode.app/Contents/Developer/Platforms/iPhoneOS.platform/Developer/SDKs/iPhoneOS.sdk/System/Library/Frameworks/PhotosUI.framework/Modules/PhotosUI.swiftcrossimport/SwiftUI.swiftoverlay -swift-module-cross-import PhotosUI /Applications/Xcode.app/Contents/Developer/Platforms/iPhoneOS.platform/Developer/SDKs/iPhoneOS.sdk/System/Library/Frameworks/PhotosUI.framework/Modules/PhotosUI.swiftcrossimport/WidgetKit.swiftoverlay -swift-module-cross-import PhotosUI /Applications/Xcode.app/Contents/Developer/Platforms/iPhoneOS.platform/Developer/SDKs/iPhoneOS26.1.sdk/System/Library/Frameworks/PhotosUI.framework/Modules/PhotosUI.swiftcrossimport/SwiftUI.swiftoverlay -swift-module-cross-import PhotosUI /Applications/Xcode.app/Contents/Developer/Platforms/iPhoneOS.platform/Developer/SDKs/iPhoneOS26.1.sdk/System/Library/Frameworks/PhotosUI.framework/Modules/PhotosUI.swiftcrossimport/WidgetKit.swiftoverlay -swift-module-cross-import SwiftData /Applications/Xcode.app/Contents/Developer/Platforms/iPhoneOS.platform/Developer/SDKs/iPhoneOS26.1.sdk/System/Library/Frameworks/SwiftData.framework/Modules/SwiftData.swiftcrossimport/CoreData.swiftoverlay -swift-module-cross-import SwiftData /Applications/Xcode.app/Contents/Developer/Platforms/iPhoneOS.platform/Developer/SDKs/iPhoneOS26.1.sdk/System/Library/Frameworks/SwiftData.framework/Modules/SwiftData.swiftcrossimport/SwiftUI.swiftoverlay -load-resolved-plugin \#/Users/viniciuscarvalho/Library/Developer/Xcode/DerivedData/SocialApp-eazcwizlrhyfzsgnydfikkavzsbb/Build/Products/Debug/CasePathsMacros\#CasePathsMacros -load-resolved-plugin \#/Users/viniciuscarvalho/Library/Developer/Xcode/DerivedData/SocialApp-eazcwizlrhyfzsgnydfikkavzsbb/Build/Products/Debug/ComposableArchitectureMacros\#ComposableArchitectureMacros -load-resolved-plugin \#/Users/viniciuscarvalho/Library/Developer/Xcode/DerivedData/SocialApp-eazcwizlrhyfzsgnydfikkavzsbb/Build/Products/Debug/DependenciesMacrosPlugin\#DependenciesMacrosPlugin -load-resolved-plugin /Applications/Xcode.app/Contents/Developer/Platforms/iPhoneOS.platform/Developer/usr/lib/swift/host/plugins/libFoundationMacros.dylib\#/Applications/Xcode.app/Contents/Developer/Platforms/iPhoneOS.platform/Developer/usr/bin/swift-plugin-server\#FoundationMacros -load-resolved-plugin /Applications/Xcode.app/Contents/Developer/Platforms/iPhoneOS.platform/Developer/usr/lib/swift/host/plugins/libObservationMacros.dylib\#/Applications/Xcode.app/Contents/Developer/Platforms/iPhoneOS.platform/Developer/usr/bin/swift-plugin-server\#ObservationMacros -load-resolved-plugin \#/Users/viniciuscarvalho/Library/Developer/Xcode/DerivedData/SocialApp-eazcwizlrhyfzsgnydfikkavzsbb/Build/Products/Debug/PerceptionMacros\#PerceptionMacros -load-resolved-plugin /Applications/Xcode.app/Contents/Developer/Platforms/iPhoneOS.platform/Developer/usr/lib/swift/host/plugins/libPreviewsMacros.dylib\#/Applications/Xcode.app/Contents/Developer/Platforms/iPhoneOS.platform/Developer/usr/bin/swift-plugin-server\#PreviewsMacros -load-resolved-plugin /Applications/Xcode.app/Contents/Developer/Platforms/iPhoneOS.platform/Developer/usr/lib/swift/host/plugins/libSwiftDataMacros.dylib\#/Applications/Xcode.app/Contents/Developer/Platforms/iPhoneOS.platform/Developer/usr/bin/swift-plugin-server\#SwiftDataMacros -load-resolved-plugin /Applications/Xcode.app/Contents/Developer/Platforms/iPhoneOS.platform/Developer/usr/lib/swift/host/plugins/libSwiftMacros.dylib\#/Applications/Xcode.app/Contents/Developer/Platforms/iPhoneOS.platform/Developer/usr/bin/swift-plugin-server\#SwiftMacros -load-resolved-plugin /Applications/Xcode.app/Contents/Developer/Platforms/iPhoneOS.platform/Developer/usr/lib/swift/host/plugins/libSwiftUIMacros.dylib\#/Applications/Xcode.app/Contents/Developer/Platforms/iPhoneOS.platform/Developer/usr/bin/swift-plugin-server\#SwiftUIMacros -disable-implicit-swift-modules -Xcc -fno-implicit-modules -Xcc -fno-implicit-module-maps -explicit-swift-module-map-file /Users/viniciuscarvalho/Library/Developer/Xcode/DerivedData/SocialApp-eazcwizlrhyfzsgnydfikkavzsbb/Build/Intermediates.noindex/SocialApp.build/Debug-iphoneos/SocialApp.build/Objects-normal/arm64/SocialApp-dependencies-1.json -Xllvm -aarch64-use-tbi -enable-objc-interop -stack-check -sdk /Applications/Xcode.app/Contents/Developer/Platforms/iPhoneOS.platform/Developer/SDKs/iPhoneOS26.1.sdk -I /Users/viniciuscarvalho/Library/Developer/Xcode/DerivedData/SocialApp-eazcwizlrhyfzsgnydfikkavzsbb/Build/Products/Debug-iphoneos -F /Users/viniciuscarvalho/Library/Developer/Xcode/DerivedData/SocialApp-eazcwizlrhyfzsgnydfikkavzsbb/Build/Products/Debug-iphoneos/PackageFrameworks -F /Users/viniciuscarvalho/Library/Developer/Xcode/DerivedData/SocialApp-eazcwizlrhyfzsgnydfikkavzsbb/Build/Products/Debug-iphoneos/PackageFrameworks -F /Users/viniciuscarvalho/Library/Developer/Xcode/DerivedData/SocialApp-eazcwizlrhyfzsgnydfikkavzsbb/Build/Products/Debug-iphoneos/PackageFrameworks -F /Users/viniciuscarvalho/Library/Developer/Xcode/DerivedData/SocialApp-eazcwizlrhyfzsgnydfikkavzsbb/Build/Products/Debug-iphoneos/PackageFrameworks -F /Users/viniciuscarvalho/Library/Developer/Xcode/DerivedData/SocialApp-eazcwizlrhyfzsgnydfikkavzsbb/Build/Products/Debug-iphoneos/PackageFrameworks -F /Users/viniciuscarvalho/Library/Developer/Xcode/DerivedData/SocialApp-eazcwizlrhyfzsgnydfikkavzsbb/Build/Products/Debug-iphoneos/PackageFrameworks -F /Users/viniciuscarvalho/Library/Developer/Xcode/DerivedData/SocialApp-eazcwizlrhyfzsgnydfikkavzsbb/Build/Products/Debug-iphoneos/PackageFrameworks -F /Users/viniciuscarvalho/Library/Developer/Xcode/DerivedData/SocialApp-eazcwizlrhyfzsgnydfikkavzsbb/Build/Products/Debug-iphoneos/PackageFrameworks -F /Users/viniciuscarvalho/Library/Developer/Xcode/DerivedData/SocialApp-eazcwizlrhyfzsgnydfikkavzsbb/Build/Products/Debug-iphoneos/PackageFrameworks -F /Users/viniciuscarvalho/Library/Developer/Xcode/DerivedData/SocialApp-eazcwizlrhyfzsgnydfikkavzsbb/Build/Products/Debug-iphoneos/PackageFrameworks -F /Users/viniciuscarvalho/Library/Developer/Xcode/DerivedData/SocialApp-eazcwizlrhyfzsgnydfikkavzsbb/Build/Products/Debug-iphoneos/PackageFrameworks -F /Users/viniciuscarvalho/Library/Developer/Xcode/DerivedData/SocialApp-eazcwizlrhyfzsgnydfikkavzsbb/Build/Products/Debug-iphoneos/PackageFrameworks -F /Users/viniciuscarvalho/Library/Developer/Xcode/DerivedData/SocialApp-eazcwizlrhyfzsgnydfikkavzsbb/Build/Products/Debug-iphoneos/PackageFrameworks -F /Users/viniciuscarvalho/Library/Developer/Xcode/DerivedData/SocialApp-eazcwizlrhyfzsgnydfikkavzsbb/Build/Products/Debug-iphoneos/PackageFrameworks -F /Users/viniciuscarvalho/Library/Developer/Xcode/DerivedData/SocialApp-eazcwizlrhyfzsgnydfikkavzsbb/Build/Products/Debug-iphoneos/PackageFrameworks -F /Users/viniciuscarvalho/Library/Developer/Xcode/DerivedData/SocialApp-eazcwizlrhyfzsgnydfikkavzsbb/Build/Products/Debug-iphoneos/PackageFrameworks -F /Users/viniciuscarvalho/Library/Developer/Xcode/DerivedData/SocialApp-eazcwizlrhyfzsgnydfikkavzsbb/Build/Products/Debug-iphoneos/PackageFrameworks -F /Users/viniciuscarvalho/Library/Developer/Xcode/DerivedData/SocialApp-eazcwizlrhyfzsgnydfikkavzsbb/Build/Products/Debug-iphoneos/PackageFrameworks -F /Users/viniciuscarvalho/Library/Developer/Xcode/DerivedData/SocialApp-eazcwizlrhyfzsgnydfikkavzsbb/Build/Products/Debug-iphoneos/PackageFrameworks -F /Users/viniciuscarvalho/Library/Developer/Xcode/DerivedData/SocialApp-eazcwizlrhyfzsgnydfikkavzsbb/Build/Products/Debug-iphoneos/PackageFrameworks -F /Users/viniciuscarvalho/Library/Developer/Xcode/DerivedData/SocialApp-eazcwizlrhyfzsgnydfikkavzsbb/Build/Products/Debug-iphoneos/PackageFrameworks -F /Users/viniciuscarvalho/Library/Developer/Xcode/DerivedData/SocialApp-eazcwizlrhyfzsgnydfikkavzsbb/Build/Products/Debug-iphoneos/PackageFrameworks -F /Users/viniciuscarvalho/Library/Developer/Xcode/DerivedData/SocialApp-eazcwizlrhyfzsgnydfikkavzsbb/Build/Products/Debug-iphoneos/PackageFrameworks -F /Users/viniciuscarvalho/Library/Developer/Xcode/DerivedData/SocialApp-eazcwizlrhyfzsgnydfikkavzsbb/Build/Products/Debug-iphoneos/PackageFrameworks -F /Users/viniciuscarvalho/Library/Developer/Xcode/DerivedData/SocialApp-eazcwizlrhyfzsgnydfikkavzsbb/Build/Products/Debug-iphoneos/PackageFrameworks -F /Users/viniciuscarvalho/Library/Developer/Xcode/DerivedData/SocialApp-eazcwizlrhyfzsgnydfikkavzsbb/Build/Products/Debug-iphoneos/PackageFrameworks -F /Users/viniciuscarvalho/Library/Developer/Xcode/DerivedData/SocialApp-eazcwizlrhyfzsgnydfikkavzsbb/Build/Products/Debug-iphoneos/PackageFrameworks -F /Users/viniciuscarvalho/Library/Developer/Xcode/DerivedData/SocialApp-eazcwizlrhyfzsgnydfikkavzsbb/Build/Products/Debug-iphoneos/PackageFrameworks -F /Users/viniciuscarvalho/Library/Developer/Xcode/DerivedData/SocialApp-eazcwizlrhyfzsgnydfikkavzsbb/Build/Products/Debug-iphoneos/PackageFrameworks -F /Users/viniciuscarvalho/Library/Developer/Xcode/DerivedData/SocialApp-eazcwizlrhyfzsgnydfikkavzsbb/Build/Products/Debug-iphoneos/PackageFrameworks -F /Users/viniciuscarvalho/Library/Developer/Xcode/DerivedData/SocialApp-eazcwizlrhyfzsgnydfikkavzsbb/Build/Products/Debug-iphoneos/PackageFrameworks -F /Users/viniciuscarvalho/Library/Developer/Xcode/DerivedData/SocialApp-eazcwizlrhyfzsgnydfikkavzsbb/Build/Products/Debug-iphoneos/PackageFrameworks -F /Users/viniciuscarvalho/Library/Developer/Xcode/DerivedData/SocialApp-eazcwizlrhyfzsgnydfikkavzsbb/Build/Products/Debug-iphoneos/PackageFrameworks -F /Users/viniciuscarvalho/Library/Developer/Xcode/DerivedData/SocialApp-eazcwizlrhyfzsgnydfikkavzsbb/Build/Products/Debug-iphoneos/PackageFrameworks -F /Users/viniciuscarvalho/Library/Developer/Xcode/DerivedData/SocialApp-eazcwizlrhyfzsgnydfikkavzsbb/Build/Products/Debug-iphoneos/PackageFrameworks -F /Users/viniciuscarvalho/Library/Developer/Xcode/DerivedData/SocialApp-eazcwizlrhyfzsgnydfikkavzsbb/Build/Products/Debug-iphoneos/PackageFrameworks -F /Users/viniciuscarvalho/Library/Developer/Xcode/DerivedData/SocialApp-eazcwizlrhyfzsgnydfikkavzsbb/Build/Products/Debug-iphoneos/PackageFrameworks -F /Users/viniciuscarvalho/Library/Developer/Xcode/DerivedData/SocialApp-eazcwizlrhyfzsgnydfikkavzsbb/Build/Products/Debug-iphoneos/PackageFrameworks -F /Users/viniciuscarvalho/Library/Developer/Xcode/DerivedData/SocialApp-eazcwizlrhyfzsgnydfikkavzsbb/Build/Products/Debug-iphoneos/PackageFrameworks -F /Users/viniciuscarvalho/Library/Developer/Xcode/DerivedData/SocialApp-eazcwizlrhyfzsgnydfikkavzsbb/Build/Products/Debug-iphoneos/PackageFrameworks -F /Users/viniciuscarvalho/Library/Developer/Xcode/DerivedData/SocialApp-eazcwizlrhyfzsgnydfikkavzsbb/Build/Products/Debug-iphoneos/PackageFrameworks -F /Users/viniciuscarvalho/Library/Developer/Xcode/DerivedData/SocialApp-eazcwizlrhyfzsgnydfikkavzsbb/Build/Products/Debug-iphoneos/PackageFrameworks -F /Users/viniciuscarvalho/Library/Developer/Xcode/DerivedData/SocialApp-eazcwizlrhyfzsgnydfikkavzsbb/Build/Products/Debug-iphoneos/PackageFrameworks -F /Users/viniciuscarvalho/Library/Developer/Xcode/DerivedData/SocialApp-eazcwizlrhyfzsgnydfikkavzsbb/Build/Products/Debug-iphoneos/PackageFrameworks -F /Users/viniciuscarvalho/Library/Developer/Xcode/DerivedData/SocialApp-eazcwizlrhyfzsgnydfikkavzsbb/Build/Products/Debug-iphoneos/PackageFrameworks -F /Users/viniciuscarvalho/Library/Developer/Xcode/DerivedData/SocialApp-eazcwizlrhyfzsgnydfikkavzsbb/Build/Products/Debug-iphoneos/PackageFrameworks -F /Users/viniciuscarvalho/Library/Developer/Xcode/DerivedData/SocialApp-eazcwizlrhyfzsgnydfikkavzsbb/Build/Products/Debug-iphoneos/PackageFrameworks -F /Users/viniciuscarvalho/Library/Developer/Xcode/DerivedData/SocialApp-eazcwizlrhyfzsgnydfikkavzsbb/Build/Products/Debug-iphoneos/PackageFrameworks -F /Users/viniciuscarvalho/Library/Developer/Xcode/DerivedData/SocialApp-eazcwizlrhyfzsgnydfikkavzsbb/Build/Products/Debug-iphoneos/PackageFrameworks -F /Users/viniciuscarvalho/Library/Developer/Xcode/DerivedData/SocialApp-eazcwizlrhyfzsgnydfikkavzsbb/Build/Products/Debug-iphoneos -no-color-diagnostics -Xcc -fno-color-diagnostics -enable-testing -g -debug-info-format\=dwarf -dwarf-version\=5 -module-cache-path /Users/viniciuscarvalho/Library/Developer/Xcode/DerivedData/SocialApp-eazcwizlrhyfzsgnydfikkavzsbb/Build/Intermediates.noindex/SwiftExplicitPrecompiledModules -swift-version 5 -enforce-exclusivity\=checked -Onone -D DEBUG -serialize-debugging-options -load-plugin-executable /Users/viniciuscarvalho/Library/Developer/Xcode/DerivedData/SocialApp-eazcwizlrhyfzsgnydfikkavzsbb/Build/Products/Debug/CasePathsMacros\#CasePathsMacros -load-plugin-executable /Users/viniciuscarvalho/Library/Developer/Xcode/DerivedData/SocialApp-eazcwizlrhyfzsgnydfikkavzsbb/Build/Products/Debug/ComposableArchitectureMacros\#ComposableArchitectureMacros -load-plugin-executable /Users/viniciuscarvalho/Library/Developer/Xcode/DerivedData/SocialApp-eazcwizlrhyfzsgnydfikkavzsbb/Build/Products/Debug/DependenciesMacrosPlugin\#DependenciesMacrosPlugin -load-plugin-executable /Users/viniciuscarvalho/Library/Developer/Xcode/DerivedData/SocialApp-eazcwizlrhyfzsgnydfikkavzsbb/Build/Products/Debug/PerceptionMacros\#PerceptionMacros -const-gather-protocols-file /Users/viniciuscarvalho/Library/Developer/Xcode/DerivedData/SocialApp-eazcwizlrhyfzsgnydfikkavzsbb/Build/Intermediates.noindex/SocialApp.build/Debug-iphoneos/SocialApp.build/Objects-normal/arm64/SocialApp_const_extract_protocols.json -enable-experimental-feature DebugDescriptionMacro -enable-bare-slash-regex -empty-abi-descriptor -validate-clang-modules-once -clang-build-session-file /Users/viniciuscarvalho/Library/Developer/Xcode/DerivedData/ModuleCache.noindex/Session.modulevalidation -Xcc -working-directory -Xcc /Users/viniciuscarvalho/Documents/Social/SocialApp/SocialApp -enable-anonymous-context-mangled-names -file-compilation-dir /Users/viniciuscarvalho/Documents/Social/SocialApp/SocialApp -Xcc -fmodule-map-file\=/Users/viniciuscarvalho/Library/Developer/Xcode/DerivedData/SocialApp-eazcwizlrhyfzsgnydfikkavzsbb/Build/Intermediates.noindex/GeneratedModuleMaps-iphoneos/UIKitNavigationShim.modulemap -Xcc -fmodule-map-file\=/Users/viniciuscarvalho/Library/Developer/Xcode/DerivedData/SocialApp-eazcwizlrhyfzsgnydfikkavzsbb/Build/Intermediates.noindex/GeneratedModuleMaps-iphoneos/GoogleUtilities-UserDefaults.modulemap -Xcc -fmodule-map-file\=/Users/viniciuscarvalho/Library/Developer/Xcode/DerivedData/SocialApp-eazcwizlrhyfzsgnydfikkavzsbb/Build/Intermediates.noindex/GeneratedModuleMaps-iphoneos/GoogleUtilities-Network.modulemap -Xcc -fmodule-map-file\=/Users/viniciuscarvalho/Library/Developer/Xcode/DerivedData/SocialApp-eazcwizlrhyfzsgnydfikkavzsbb/Build/Intermediates.noindex/GeneratedModuleMaps-iphoneos/GoogleUtilities-NSData.modulemap -Xcc -fmodule-map-file\=/Users/viniciuscarvalho/Library/Developer/Xcode/DerivedData/SocialApp-eazcwizlrhyfzsgnydfikkavzsbb/Build/Intermediates.noindex/GeneratedModuleMaps-iphoneos/GoogleUtilities-AppDelegateSwizzler.modulemap -Xcc -fmodule-map-file\=/Users/viniciuscarvalho/Library/Developer/Xcode/DerivedData/SocialApp-eazcwizlrhyfzsgnydfikkavzsbb/Build/Intermediates.noindex/GeneratedModuleMaps-iphoneos/GoogleUtilities-Logger.modulemap -Xcc -fmodule-map-file\=/Users/viniciuscarvalho/Library/Developer/Xcode/DerivedData/SocialApp-eazcwizlrhyfzsgnydfikkavzsbb/Build/Intermediates.noindex/GeneratedModuleMaps-iphoneos/GoogleUtilities-Environment.modulemap -Xcc -fmodule-map-file\=/Users/viniciuscarvalho/Library/Developer/Xcode/DerivedData/SocialApp-eazcwizlrhyfzsgnydfikkavzsbb/Build/Intermediates.noindex/GeneratedModuleMaps-iphoneos/third-party-IsAppEncrypted.modulemap -Xcc -fmodule-map-file\=/Users/viniciuscarvalho/Library/Developer/Xcode/DerivedData/SocialApp-eazcwizlrhyfzsgnydfikkavzsbb/Build/Intermediates.noindex/GeneratedModuleMaps-iphoneos/GoogleUtilities-Reachability.modulemap -Xcc -fmodule-map-file\=/Users/viniciuscarvalho/Library/Developer/Xcode/DerivedData/SocialApp-eazcwizlrhyfzsgnydfikkavzsbb/Build/Intermediates.noindex/GeneratedModuleMaps-iphoneos/GoogleDataTransport.modulemap -Xcc -fmodule-map-file\=/Users/viniciuscarvalho/Library/Developer/Xcode/DerivedData/SocialApp-eazcwizlrhyfzsgnydfikkavzsbb/Build/Intermediates.noindex/GeneratedModuleMaps-iphoneos/nanopb.modulemap -Xcc -fmodule-map-file\=/Users/viniciuscarvalho/Library/Developer/Xcode/DerivedData/SocialApp-eazcwizlrhyfzsgnydfikkavzsbb/Build/Intermediates.noindex/GeneratedModuleMaps-iphoneos/FirebaseInstallations.modulemap -Xcc -fmodule-map-file\=/Users/viniciuscarvalho/Library/Developer/Xcode/DerivedData/SocialApp-eazcwizlrhyfzsgnydfikkavzsbb/Build/Intermediates.noindex/GeneratedModuleMaps-iphoneos/FirebaseCore.modulemap -Xcc -fmodule-map-file\=/Users/viniciuscarvalho/Library/Developer/Xcode/DerivedData/SocialApp-eazcwizlrhyfzsgnydfikkavzsbb/Build/Intermediates.noindex/GeneratedModuleMaps-iphoneos/FirebaseMessaging.modulemap -Xcc -D_LIBCPP_HARDENING_MODE\=_LIBCPP_HARDENING_MODE_DEBUG -Xcc -ivfsstatcache -Xcc /Users/viniciuscarvalho/Library/Developer/Xcode/DerivedData/SDKStatCaches.noindex/iphoneos26.1-23B77-69b33fc7382b27d9b5d46e82a00f8e78.sdkstatcache -Xcc -I/Users/viniciuscarvalho/Library/Developer/Xcode/DerivedData/SocialApp-eazcwizlrhyfzsgnydfikkavzsbb/Build/Intermediates.noindex/SocialApp.build/Debug-iphoneos/SocialApp.build/swift-overrides.hmap -Xcc -iquote -Xcc /Users/viniciuscarvalho/Library/Developer/Xcode/DerivedData/SocialApp-eazcwizlrhyfzsgnydfikkavzsbb/Build/Intermediates.noindex/SocialApp.build/Debug-iphoneos/SocialApp.build/SocialApp-generated-files.hmap -Xcc -I/Users/viniciuscarvalho/Library/Developer/Xcode/DerivedData/SocialApp-eazcwizlrhyfzsgnydfikkavzsbb/Build/Intermediates.noindex/SocialApp.build/Debug-iphoneos/SocialApp.build/SocialApp-own-target-headers.hmap -Xcc -I/Users/viniciuscarvalho/Library/Developer/Xcode/DerivedData/SocialApp-eazcwizlrhyfzsgnydfikkavzsbb/Build/Intermediates.noindex/SocialApp.build/Debug-iphoneos/SocialApp.build/SocialApp-all-non-framework-target-headers.hmap -Xcc -ivfsoverlay -Xcc /Users/viniciuscarvalho/Library/Developer/Xcode/DerivedData/SocialApp-eazcwizlrhyfzsgnydfikkavzsbb/Build/Intermediates.noindex/SocialApp.build/Debug-iphoneos/SocialApp-fcc3971634c685b5abf85baa0987402d-VFS-iphoneos/all-product-headers.yaml -Xcc -iquote -Xcc /Users/viniciuscarvalho/Library/Developer/Xcode/DerivedData/SocialApp-eazcwizlrhyfzsgnydfikkavzsbb/Build/Intermediates.noindex/SocialApp.build/Debug-iphoneos/SocialApp.build/SocialApp-project-headers.hmap -Xcc -I/Users/viniciuscarvalho/Library/Developer/Xcode/DerivedData/SocialApp-eazcwizlrhyfzsgnydfikkavzsbb/SourcePackages/checkouts/swift-navigation/Sources/UIKitNavigationShim/include -Xcc -I/Users/viniciuscarvalho/Library/Developer/Xcode/DerivedData/SocialApp-eazcwizlrhyfzsgnydfikkavzsbb/SourcePackages/checkouts/promises/Sources/FBLPromises/include -Xcc -I/Users/viniciuscarvalho/Library/Developer/Xcode/DerivedData/SocialApp-eazcwizlrhyfzsgnydfikkavzsbb/SourcePackages/checkouts/GoogleUtilities/GoogleUtilities/UserDefaults/Public -Xcc -I/Users/viniciuscarvalho/Library/Developer/Xcode/DerivedData/SocialApp-eazcwizlrhyfzsgnydfikkavzsbb/SourcePackages/checkouts/GoogleUtilities/GoogleUtilities/Network/Public -Xcc -I/Users/viniciuscarvalho/Library/Developer/Xcode/DerivedData/SocialApp-eazcwizlrhyfzsgnydfikkavzsbb/SourcePackages/checkouts/GoogleUtilities/GoogleUtilities/NSData+zlib/Public -Xcc -I/Users/viniciuscarvalho/Library/Developer/Xcode/DerivedData/SocialApp-eazcwizlrhyfzsgnydfikkavzsbb/SourcePackages/checkouts/GoogleUtilities/GoogleUtilities/AppDelegateSwizzler/Public -Xcc -I/Users/viniciuscarvalho/Library/Developer/Xcode/DerivedData/SocialApp-eazcwizlrhyfzsgnydfikkavzsbb/SourcePackages/checkouts/GoogleUtilities/GoogleUtilities/Logger/Public -Xcc -I/Users/viniciuscarvalho/Library/Developer/Xcode/DerivedData/SocialApp-eazcwizlrhyfzsgnydfikkavzsbb/SourcePackages/checkouts/GoogleUtilities/GoogleUtilities/Environment/Public -Xcc -I/Users/viniciuscarvalho/Library/Developer/Xcode/DerivedData/SocialApp-eazcwizlrhyfzsgnydfikkavzsbb/SourcePackages/checkouts/GoogleUtilities/third_party/IsAppEncrypted/Public -Xcc -I/Users/viniciuscarvalho/Library/Developer/Xcode/DerivedData/SocialApp-eazcwizlrhyfzsgnydfikkavzsbb/SourcePackages/checkouts/GoogleUtilities/GoogleUtilities/Reachability/Public -Xcc -I/Users/viniciuscarvalho/Library/Developer/Xcode/DerivedData/SocialApp-eazcwizlrhyfzsgnydfikkavzsbb/SourcePackages/checkouts/GoogleDataTransport/GoogleDataTransport/GDTCORLibrary/Public -Xcc -I/Users/viniciuscarvalho/Library/Developer/Xcode/DerivedData/SocialApp-eazcwizlrhyfzsgnydfikkavzsbb/SourcePackages/checkouts/nanopb/spm_headers -Xcc -I/Users/viniciuscarvalho/Library/Developer/Xcode/DerivedData/SocialApp-eazcwizlrhyfzsgnydfikkavzsbb/SourcePackages/checkouts/firebase-ios-sdk/FirebaseInstallations/Source/Library/Public -Xcc -I/Users/viniciuscarvalho/Library/Developer/Xcode/DerivedData/SocialApp-eazcwizlrhyfzsgnydfikkavzsbb/SourcePackages/checkouts/firebase-ios-sdk/FirebaseCore/Sources/Public -Xcc -I/Users/viniciuscarvalho/Library/Developer/Xcode/DerivedData/SocialApp-eazcwizlrhyfzsgnydfikkavzsbb/SourcePackages/checkouts/firebase-ios-sdk/CoreOnly/Sources -Xcc -I/Users/viniciuscarvalho/Library/Developer/Xcode/DerivedData/SocialApp-eazcwizlrhyfzsgnydfikkavzsbb/SourcePackages/checkouts/firebase-ios-sdk/FirebaseMessaging/Sources/Public -Xcc -I/Users/viniciuscarvalho/Library/Developer/Xcode/DerivedData/SocialApp-eazcwizlrhyfzsgnydfikkavzsbb/Build/Products/Debug-iphoneos/include -Xcc -I/Users/viniciuscarvalho/Library/Developer/Xcode/DerivedData/SocialApp-eazcwizlrhyfzsgnydfikkavzsbb/Build/Intermediates.noindex/SocialApp.build/Debug-iphoneos/SocialApp.build/DerivedSources-normal/arm64 -Xcc -I/Users/viniciuscarvalho/Library/Developer/Xcode/DerivedData/SocialApp-eazcwizlrhyfzsgnydfikkavzsbb/Build/Intermediates.noindex/SocialApp.build/Debug-iphoneos/SocialApp.build/DerivedSources/arm64 -Xcc -I/Users/viniciuscarvalho/Library/Developer/Xcode/DerivedData/SocialApp-eazcwizlrhyfzsgnydfikkavzsbb/Build/Intermediates.noindex/SocialApp.build/Debug-iphoneos/SocialApp.build/DerivedSources -Xcc -DDEBUG\=1 -no-auto-bridging-header-chaining -module-name SocialApp -frontend-parseable-output -disable-clang-spi -target-sdk-version 26.1 -target-sdk-name iphoneos26.1 -clang-target arm64-apple-ios26.1 -in-process-plugin-server-path /Applications/Xcode.app/Contents/Developer/Toolchains/XcodeDefault.xctoolchain/usr/lib/swift/host/libSwiftInProcPluginServer.dylib -emit-module-doc-path /Users/viniciuscarvalho/Library/Developer/Xcode/DerivedData/SocialApp-eazcwizlrhyfzsgnydfikkavzsbb/Build/Intermediates.noindex/SocialApp.build/Debug-iphoneos/SocialApp.build/Objects-normal/arm64/SocialApp.swiftdoc -emit-module-source-info-path /Users/viniciuscarvalho/Library/Developer/Xcode/DerivedData/SocialApp-eazcwizlrhyfzsgnydfikkavzsbb/Build/Intermediates.noindex/SocialApp.build/Debug-iphoneos/SocialApp.build/Objects-normal/arm64/SocialApp.swiftsourceinfo -emit-objc-header-path /Users/viniciuscarvalho/Library/Developer/Xcode/DerivedData/SocialApp-eazcwizlrhyfzsgnydfikkavzsbb/Build/Intermediates.noindex/SocialApp.build/Debug-iphoneos/SocialApp.build/Objects-normal/arm64/SocialApp-Swift.h -serialize-diagnostics-path /Users/viniciuscarvalho/Library/Developer/Xcode/DerivedData/SocialApp-eazcwizlrhyfzsgnydfikkavzsbb/Build/Intermediates.noindex/SocialApp.build/Debug-iphoneos/SocialApp.build/Objects-normal/arm64/SocialApp-primary-emit-module.dia -emit-dependencies-path /Users/viniciuscarvalho/Library/Developer/Xcode/DerivedData/SocialApp-eazcwizlrhyfzsgnydfikkavzsbb/Build/Intermediates.noindex/SocialApp.build/Debug-iphoneos/SocialApp.build/Objects-normal/arm64/SocialApp-primary-emit-module.d -o /Users/viniciuscarvalho/Library/Developer/Xcode/DerivedData/SocialApp-eazcwizlrhyfzsgnydfikkavzsbb/Build/Intermediates.noindex/SocialApp.build/Debug-iphoneos/SocialApp.build/Objects-normal/arm64/SocialApp.swiftmodule -emit-abi-descriptor-path /Users/viniciuscarvalho/Library/Developer/Xcode/DerivedData/SocialApp-eazcwizlrhyfzsgnydfikkavzsbb/Build/Intermediates.noindex/SocialApp.build/Debug-iphoneos/SocialApp.build/Objects-normal/arm64/SocialApp.abi.json

EmitSwiftModule normal arm64 (in target 'SocialApp' from project 'SocialApp')
    cd /Users/viniciuscarvalho/Documents/Social/SocialApp/SocialApp
    
/Users/viniciuscarvalho/Documents/Social/SocialApp/SocialApp/Projects/Features/Login/Views/EmailVerificationView.swift:4:15: error: invalid redeclaration of 'EmailVerificationView'
public struct EmailVerificationView: View {
              ^
/Users/viniciuscarvalho/Documents/Social/SocialApp/SocialApp/Projects/Features/Verification/Sources/VerificationView.swift:218:15: note: 'EmailVerificationView' previously declared here
public struct EmailVerificationView: View {
              ^
/Users/viniciuscarvalho/Documents/Social/SocialApp/SocialApp/Projects/Features/Verification/Sources/VerificationView.swift:218:15: note: 'EmailVerificationView' previously declared here
public struct EmailVerificationView: View {
              ^

SwiftCompile normal arm64 Compiling\ SkeletonView.swift,\ StarRatingView.swift,\ SuccessView.swift,\ TrustScoreBadge.swift,\ ValidationStatusBanner.swift,\ VerificationProgressView.swift,\ AuthClient.swift,\ EventsClient.swift,\ NetworkService.swift /Users/viniciuscarvalho/Documents/Social/SocialApp/SocialApp/SocialApp/Sources/Commons/SkeletonView.swift /Users/viniciuscarvalho/Documents/Social/SocialApp/SocialApp/SocialApp/Sources/Commons/StarRatingView.swift /Users/viniciuscarvalho/Documents/Social/SocialApp/SocialApp/SocialApp/Sources/Commons/SuccessView.swift /Users/viniciuscarvalho/Documents/Social/SocialApp/SocialApp/SocialApp/Sources/Commons/TrustScoreBadge.swift /Users/viniciuscarvalho/Documents/Social/SocialApp/SocialApp/SocialApp/Sources/Commons/ValidationStatusBanner.swift /Users/viniciuscarvalho/Documents/Social/SocialApp/SocialApp/SocialApp/Sources/Commons/VerificationProgressView.swift /Users/viniciuscarvalho/Documents/Social/SocialApp/SocialApp/SocialApp/Sources/Dependencies/AuthClient.swift /Users/viniciuscarvalho/Documents/Social/SocialApp/SocialApp/SocialApp/Sources/Dependencies/EventsClient.swift /Users/viniciuscarvalho/Documents/Social/SocialApp/SocialApp/SocialApp/Sources/Services/NetworkService.swift (in target 'SocialApp' from project 'SocialApp')

SwiftCompile normal arm64 /Users/viniciuscarvalho/Documents/Social/SocialApp/SocialApp/SocialApp/Sources/Commons/SkeletonView.swift (in target 'SocialApp' from project 'SocialApp')
    cd /Users/viniciuscarvalho/Documents/Social/SocialApp/SocialApp
    

SwiftCompile normal arm64 /Users/viniciuscarvalho/Documents/Social/SocialApp/SocialApp/SocialApp/Sources/Commons/StarRatingView.swift (in target 'SocialApp' from project 'SocialApp')
    cd /Users/viniciuscarvalho/Documents/Social/SocialApp/SocialApp
    

SwiftCompile normal arm64 /Users/viniciuscarvalho/Documents/Social/SocialApp/SocialApp/SocialApp/Sources/Commons/SuccessView.swift (in target 'SocialApp' from project 'SocialApp')
    cd /Users/viniciuscarvalho/Documents/Social/SocialApp/SocialApp
    

SwiftCompile normal arm64 /Users/viniciuscarvalho/Documents/Social/SocialApp/SocialApp/SocialApp/Sources/Commons/TrustScoreBadge.swift (in target 'SocialApp' from project 'SocialApp')
    cd /Users/viniciuscarvalho/Documents/Social/SocialApp/SocialApp
    

SwiftCompile normal arm64 /Users/viniciuscarvalho/Documents/Social/SocialApp/SocialApp/SocialApp/Sources/Commons/ValidationStatusBanner.swift (in target 'SocialApp' from project 'SocialApp')
    cd /Users/viniciuscarvalho/Documents/Social/SocialApp/SocialApp
    

SwiftCompile normal arm64 /Users/viniciuscarvalho/Documents/Social/SocialApp/SocialApp/SocialApp/Sources/Commons/VerificationProgressView.swift (in target 'SocialApp' from project 'SocialApp')
    cd /Users/viniciuscarvalho/Documents/Social/SocialApp/SocialApp
    

SwiftCompile normal arm64 /Users/viniciuscarvalho/Documents/Social/SocialApp/SocialApp/SocialApp/Sources/Dependencies/AuthClient.swift (in target 'SocialApp' from project 'SocialApp')
    cd /Users/viniciuscarvalho/Documents/Social/SocialApp/SocialApp
    

SwiftCompile normal arm64 /Users/viniciuscarvalho/Documents/Social/SocialApp/SocialApp/SocialApp/Sources/Dependencies/EventsClient.swift (in target 'SocialApp' from project 'SocialApp')
    cd /Users/viniciuscarvalho/Documents/Social/SocialApp/SocialApp
    

SwiftCompile normal arm64 /Users/viniciuscarvalho/Documents/Social/SocialApp/SocialApp/SocialApp/Sources/Services/NetworkService.swift (in target 'SocialApp' from project 'SocialApp')
    cd /Users/viniciuscarvalho/Documents/Social/SocialApp/SocialApp
    

SwiftCompile normal arm64 Compiling\ EventDetailView.swift,\ EventsFeature.swift,\ EventsView.swift,\ FavoriteButton.swift,\ FavoriteEvent.swift,\ FavoritesFeature.swift,\ FavoritesView.swift,\ PopularEventsView.swift,\ RecommendedEventsView.swift,\ SearchFeature.swift /Users/viniciuscarvalho/Documents/Social/SocialApp/SocialApp/Projects/Features/Events/Sources/Details/EventDetailView.swift /Users/viniciuscarvalho/Documents/Social/SocialApp/SocialApp/Projects/Features/Events/Sources/EventsFeature.swift /Users/viniciuscarvalho/Documents/Social/SocialApp/SocialApp/Projects/Features/Events/Sources/EventsView.swift /Users/viniciuscarvalho/Documents/Social/SocialApp/SocialApp/Projects/Features/Events/Sources/Favorites/FavoriteButton.swift /Users/viniciuscarvalho/Documents/Social/SocialApp/SocialApp/Projects/Features/Events/Sources/Favorites/FavoriteEvent.swift /Users/viniciuscarvalho/Documents/Social/SocialApp/SocialApp/Projects/Features/Events/Sources/Favorites/FavoritesFeature.swift /Users/viniciuscarvalho/Documents/Social/SocialApp/SocialApp/Projects/Features/Events/Sources/Favorites/FavoritesView.swift /Users/viniciuscarvalho/Documents/Social/SocialApp/SocialApp/Projects/Features/Events/Sources/PopularEventsView.swift /Users/viniciuscarvalho/Documents/Social/SocialApp/SocialApp/Projects/Features/Events/Sources/RecommendedEventsView.swift /Users/viniciuscarvalho/Documents/Social/SocialApp/SocialApp/Projects/Features/Events/Sources/SearchFeature.swift (in target 'SocialApp' from project 'SocialApp')

SwiftCompile normal arm64 /Users/viniciuscarvalho/Documents/Social/SocialApp/SocialApp/Projects/Features/Events/Sources/Details/EventDetailView.swift (in target 'SocialApp' from project 'SocialApp')
    cd /Users/viniciuscarvalho/Documents/Social/SocialApp/SocialApp
    

SwiftCompile normal arm64 /Users/viniciuscarvalho/Documents/Social/SocialApp/SocialApp/Projects/Features/Events/Sources/EventsFeature.swift (in target 'SocialApp' from project 'SocialApp')
    cd /Users/viniciuscarvalho/Documents/Social/SocialApp/SocialApp
    

SwiftCompile normal arm64 /Users/viniciuscarvalho/Documents/Social/SocialApp/SocialApp/Projects/Features/Events/Sources/EventsView.swift (in target 'SocialApp' from project 'SocialApp')
    cd /Users/viniciuscarvalho/Documents/Social/SocialApp/SocialApp
    

SwiftCompile normal arm64 /Users/viniciuscarvalho/Documents/Social/SocialApp/SocialApp/Projects/Features/Events/Sources/Favorites/FavoriteButton.swift (in target 'SocialApp' from project 'SocialApp')
    cd /Users/viniciuscarvalho/Documents/Social/SocialApp/SocialApp
    

SwiftCompile normal arm64 /Users/viniciuscarvalho/Documents/Social/SocialApp/SocialApp/Projects/Features/Events/Sources/Favorites/FavoriteEvent.swift (in target 'SocialApp' from project 'SocialApp')
    cd /Users/viniciuscarvalho/Documents/Social/SocialApp/SocialApp
    

SwiftCompile normal arm64 /Users/viniciuscarvalho/Documents/Social/SocialApp/SocialApp/Projects/Features/Events/Sources/Favorites/FavoritesFeature.swift (in target 'SocialApp' from project 'SocialApp')
    cd /Users/viniciuscarvalho/Documents/Social/SocialApp/SocialApp
    

SwiftCompile normal arm64 /Users/viniciuscarvalho/Documents/Social/SocialApp/SocialApp/Projects/Features/Events/Sources/Favorites/FavoritesView.swift (in target 'SocialApp' from project 'SocialApp')
    cd /Users/viniciuscarvalho/Documents/Social/SocialApp/SocialApp
    

SwiftCompile normal arm64 /Users/viniciuscarvalho/Documents/Social/SocialApp/SocialApp/Projects/Features/Events/Sources/PopularEventsView.swift (in target 'SocialApp' from project 'SocialApp')
    cd /Users/viniciuscarvalho/Documents/Social/SocialApp/SocialApp
    

SwiftCompile normal arm64 /Users/viniciuscarvalho/Documents/Social/SocialApp/SocialApp/Projects/Features/Events/Sources/RecommendedEventsView.swift (in target 'SocialApp' from project 'SocialApp')
    cd /Users/viniciuscarvalho/Documents/Social/SocialApp/SocialApp
    

SwiftCompile normal arm64 /Users/viniciuscarvalho/Documents/Social/SocialApp/SocialApp/Projects/Features/Events/Sources/SearchFeature.swift (in target 'SocialApp' from project 'SocialApp')
    cd /Users/viniciuscarvalho/Documents/Social/SocialApp/SocialApp
    

SwiftCompile normal arm64 Compiling\ TicketDetailView.swift,\ AddTicketFeature.swift,\ AddTicketView.swift,\ MyTicketsFeature.swift,\ MyTicketsView.swift,\ TicketCard.swift,\ TicketDetailsStepView.swift,\ TicketMediaStepView.swift,\ TicketPricingStepView.swift /Users/viniciuscarvalho/Documents/Social/SocialApp/SocialApp/Projects/Features/TicketDetail/Sources/TicketDetailView.swift /Users/viniciuscarvalho/Documents/Social/SocialApp/SocialApp/Projects/Features/TicketsList/Sources/AddTicketFeature.swift /Users/viniciuscarvalho/Documents/Social/SocialApp/SocialApp/Projects/Features/TicketsList/Sources/AddTicketView.swift /Users/viniciuscarvalho/Documents/Social/SocialApp/SocialApp/Projects/Features/TicketsList/Sources/MyTicketsFeature.swift /Users/viniciuscarvalho/Documents/Social/SocialApp/SocialApp/Projects/Features/TicketsList/Sources/MyTicketsView.swift /Users/viniciuscarvalho/Documents/Social/SocialApp/SocialApp/Projects/Features/TicketsList/Sources/TicketCard.swift /Users/viniciuscarvalho/Documents/Social/SocialApp/SocialApp/Projects/Features/TicketsList/Sources/TicketDetailsStepView.swift /Users/viniciuscarvalho/Documents/Social/SocialApp/SocialApp/Projects/Features/TicketsList/Sources/TicketMediaStepView.swift /Users/viniciuscarvalho/Documents/Social/SocialApp/SocialApp/Projects/Features/TicketsList/Sources/TicketPricingStepView.swift (in target 'SocialApp' from project 'SocialApp')

SwiftCompile normal arm64 /Users/viniciuscarvalho/Documents/Social/SocialApp/SocialApp/Projects/Features/TicketDetail/Sources/TicketDetailView.swift (in target 'SocialApp' from project 'SocialApp')
    cd /Users/viniciuscarvalho/Documents/Social/SocialApp/SocialApp
    

SwiftCompile normal arm64 /Users/viniciuscarvalho/Documents/Social/SocialApp/SocialApp/Projects/Features/TicketsList/Sources/AddTicketFeature.swift (in target 'SocialApp' from project 'SocialApp')
    cd /Users/viniciuscarvalho/Documents/Social/SocialApp/SocialApp
    

SwiftCompile normal arm64 /Users/viniciuscarvalho/Documents/Social/SocialApp/SocialApp/Projects/Features/TicketsList/Sources/AddTicketView.swift (in target 'SocialApp' from project 'SocialApp')
    cd /Users/viniciuscarvalho/Documents/Social/SocialApp/SocialApp
    

SwiftCompile normal arm64 /Users/viniciuscarvalho/Documents/Social/SocialApp/SocialApp/Projects/Features/TicketsList/Sources/MyTicketsFeature.swift (in target 'SocialApp' from project 'SocialApp')
    cd /Users/viniciuscarvalho/Documents/Social/SocialApp/SocialApp
    

SwiftCompile normal arm64 /Users/viniciuscarvalho/Documents/Social/SocialApp/SocialApp/Projects/Features/TicketsList/Sources/MyTicketsView.swift (in target 'SocialApp' from project 'SocialApp')
    cd /Users/viniciuscarvalho/Documents/Social/SocialApp/SocialApp
    

SwiftCompile normal arm64 /Users/viniciuscarvalho/Documents/Social/SocialApp/SocialApp/Projects/Features/TicketsList/Sources/TicketCard.swift (in target 'SocialApp' from project 'SocialApp')
    cd /Users/viniciuscarvalho/Documents/Social/SocialApp/SocialApp
    

SwiftCompile normal arm64 /Users/viniciuscarvalho/Documents/Social/SocialApp/SocialApp/Projects/Features/TicketsList/Sources/TicketDetailsStepView.swift (in target 'SocialApp' from project 'SocialApp')
    cd /Users/viniciuscarvalho/Documents/Social/SocialApp/SocialApp
    

SwiftCompile normal arm64 /Users/viniciuscarvalho/Documents/Social/SocialApp/SocialApp/Projects/Features/TicketsList/Sources/TicketMediaStepView.swift (in target 'SocialApp' from project 'SocialApp')
    cd /Users/viniciuscarvalho/Documents/Social/SocialApp/SocialApp
    

SwiftCompile normal arm64 /Users/viniciuscarvalho/Documents/Social/SocialApp/SocialApp/Projects/Features/TicketsList/Sources/TicketPricingStepView.swift (in target 'SocialApp' from project 'SocialApp')
    cd /Users/viniciuscarvalho/Documents/Social/SocialApp/SocialApp
    

SwiftCompile normal arm64 Compiling\ TicketReviewPublishView.swift,\ TicketValidityStepView.swift,\ TicketsListFeature.swift,\ TicketsListView.swift,\ VerificationFeature.swift,\ VerificationView.swift,\ CategoryPill.swift,\ FilterSheet.swift,\ PriceRangeSlider.swift /Users/viniciuscarvalho/Documents/Social/SocialApp/SocialApp/Projects/Features/TicketsList/Sources/TicketReviewPublishView.swift /Users/viniciuscarvalho/Documents/Social/SocialApp/SocialApp/Projects/Features/TicketsList/Sources/TicketValidityStepView.swift /Users/viniciuscarvalho/Documents/Social/SocialApp/SocialApp/Projects/Features/TicketsList/Sources/TicketsListFeature.swift /Users/viniciuscarvalho/Documents/Social/SocialApp/SocialApp/Projects/Features/TicketsList/Sources/TicketsListView.swift /Users/viniciuscarvalho/Documents/Social/SocialApp/SocialApp/Projects/Features/Verification/Sources/VerificationFeature.swift /Users/viniciuscarvalho/Documents/Social/SocialApp/SocialApp/Projects/Features/Verification/Sources/VerificationView.swift /Users/viniciuscarvalho/Documents/Social/SocialApp/SocialApp/SocialApp/Sources/Commons/CategoryPill.swift /Users/viniciuscarvalho/Documents/Social/SocialApp/SocialApp/SocialApp/Sources/Commons/FilterSheet.swift /Users/viniciuscarvalho/Documents/Social/SocialApp/SocialApp/SocialApp/Sources/Commons/PriceRangeSlider.swift (in target 'SocialApp' from project 'SocialApp')

Run post-actions

SchemeAction Push\ build\ insights /var/folders/hr/28fc07z117n_jxjcfw0f5_2c0000gn/T/SchemeScriptAction-G6A5oZ.sh
    cd /var/folders/hr/28fc07z117n_jxjcfw0f5_2c0000gn/T/
    export COMMAND_MODE=unix2003
    export COMPOSER_NO_INTERACTION=1
    export CURSOR_AGENT=1
    export CURSOR_TRACE_ID=de2c7714d5c64e848a842f880c64ef99
    export DEVICE_NAME="Any iOS Device"
    export FORCE_COLOR=0
    export HOME=/Users/viniciuscarvalho
    export IDE_BUILD_OPERATION_RESULT=Failed
    export LANG=C.UTF-8
    export LESS=-R
    export LOGNAME=viniciuscarvalho
    export LSCOLORS=Gxfxcxdxbxegedabagacad
    export LS_COLORS="di=1;36:ln=35:so=32:pi=33:ex=31:bd=34;46:cd=34;43:su=30;41:sg=30;46:tw=30;42:ow=30;43"
    export LaunchInstanceID=B8EBD7A5-5DE5-40C2-BC76-3E87EA1D7B25
    export MANPATH="/Library/Developer/CommandLineTools/SDKs/MacOSX.sdk/usr/share/man:/Applications/Xcode.app/Contents/Developer/Platforms/MacOSX.platform/usr/share/man:/Applications/Xcode.app/Contents/Developer/usr/share/man:/Applications/Xcode.app/Contents/Developer/Toolchains/XcodeDefault.xctoolchain/usr/share/man:"
    export MallocNanoZone=0
    export NO_COLOR=1
    export NVM_BIN=/Users/viniciuscarvalho/.nvm/versions/node/v22.18.0/bin
    export NVM_CD_FLAGS=-q
    export NVM_DIR=/Users/viniciuscarvalho/.nvm
    export NVM_INC=/Users/viniciuscarvalho/.nvm/versions/node/v22.18.0/include/node
    export OLDPWD=/Users/viniciuscarvalho/Documents/Social/SocialApp/SocialApp
    export ORIGINAL_XDG_CURRENT_DESKTOP=undefined
    export OSLogRateLimit=64
    export P9K_SSH=0
    export PAGER=less
    export PATH="/Applications/Xcode.app/Contents/Developer/usr/bin:/usr/local/bin:/usr/local/bin:/usr/local/bin:/usr/local/bin:/usr/local/bin:/usr/local/bin:/usr/local/bin:/usr/local/bin:/usr/local/bin:/usr/local/bin:/usr/local/bin:/usr/local/bin:/usr/local/bin:/usr/local/bin:/usr/local/bin:/usr/local/bin:/usr/local/bin:/usr/local/bin:/usr/local/bin:/usr/local/bin:/usr/local/bin:/usr/local/bin:/usr/local/bin:/usr/local/bin:/usr/local/bin:/usr/local/bin:/usr/local/bin:/usr/local/bin:/usr/local/bin:/usr/local/bin:/usr/local/bin:/usr/local/bin:/usr/local/bin:/usr/local/bin:/usr/local/bin:/usr/local/bin:/usr/local/bin:/usr/local/bin:/usr/local/bin:/usr/local/bin:/usr/local/bin:/usr/local/bin:/usr/local/bin:/usr/local/bin:/usr/local/bin:/usr/local/bin:/usr/local/bin:/usr/local/bin:/usr/local/bin:/usr/local/bin:/usr/local/bin:/usr/local/bin:/usr/local/bin:/usr/local/bin:/usr/local/bin:/usr/local/bin:/usr/local/bin:/usr/local/bin:/usr/local/bin:/usr/local/bin:/usr/local/bin:/usr/local/bin:/usr/local/bin:/usr/local/bin:/usr/local/bin:/usr/local/bin:/usr/local/bin:/usr/local/bin:/usr/local/bin:/usr/local/bin:/usr/local/bin:/usr/local/bin:/usr/local/bin:/usr/local/bin:/usr/local/bin:/usr/local/bin:/usr/local/bin:/usr/local/bin:/usr/local/bin:/usr/local/bin:/usr/local/bin:/usr/local/bin:/usr/local/bin:/usr/local/bin:/usr/local/bin:/usr/local/bin:/usr/local/bin:/usr/local/bin:/usr/local/bin:/usr/local/bin:/usr/local/bin:/usr/local/bin:/usr/local/bin:/usr/local/bin:/usr/local/bin:/usr/local/bin:/usr/local/bin:/usr/local/bin:/usr/local/bin:/usr/local/bin:/usr/local/bin:/usr/local/bin:/usr/local/bin:/usr/local/bin:/usr/local/bin:/usr/local/bin:/usr/local/bin:/usr/local/bin:/usr/local/bin:/usr/local/bin:/usr/local/bin:/usr/local/bin:/usr/local/bin:/usr/local/bin:/usr/local/bin:/usr/local/bin:/usr/local/bin:/usr/local/bin:/usr/local/bin:/usr/local/bin:/usr/local/bin:/usr/local/bin:/usr/local/bin:/usr/local/bin:/usr/local/bin:/usr/local/bin:/usr/local/bin:/usr/local/bin:/usr/local/bin:/usr/local/bin:/usr/local/bin:/usr/local/bin:/usr/local/bin:/usr/local/bin:/usr/local/bin:/usr/local/bin:/usr/local/bin:/usr/local/bin:/usr/local/bin:/usr/local/bin:/usr/local/bin:/usr/local/bin:/usr/local/bin:/usr/local/bin:/usr/local/bin:/usr/local/bin:/usr/local/bin:/usr/local/bin:/usr/local/bin:/usr/local/bin:/usr/local/bin:/usr/local/bin:/usr/local/bin:/usr/local/bin:/usr/local/bin:/usr/local/bin:/usr/local/bin:/usr/local/bin:/usr/local/bin:/usr/local/bin:/usr/local/bin:/usr/local/bin:/usr/local/bin:/usr/local/bin:/usr/local/bin:/usr/local/bin:/usr/local/bin:/usr/local/bin:/usr/local/bin:/usr/local/bin:/usr/local/bin:/usr/local/bin:/usr/local/bin:/usr/local/bin:/usr/local/bin:/usr/local/bin:/usr/local/bin:/usr/local/bin:/usr/local/bin:/usr/local/bin:/usr/local/bin:/usr/local/bin:/usr/local/bin:/usr/local/bin:/usr/local/bin:/usr/local/bin:/usr/local/bin:/usr/local/bin:/usr/local/bin:/usr/local/bin:/usr/local/bin:/usr/local/bin:/usr/local/bin:/usr/local/bin:/usr/local/bin:/usr/local/bin:/usr/local/bin:/usr/local/bin:/usr/local/bin:/usr/local/bin:/usr/local/bin:/usr/local/bin:/usr/local/bin:/usr/local/bin:/usr/local/bin:/usr/local/bin:/usr/local/bin:/usr/local/bin:/usr/local/bin:/usr/local/bin:/usr/local/bin:/usr/local/bin:/usr/local/bin:/usr/local/bin:/usr/local/bin:/usr/local/bin:/usr/local/bin:/usr/local/bin:/usr/local/bin:/usr/local/bin:/usr/local/bin:/usr/local/bin:/usr/local/bin:/usr/local/bin:/usr/local/bin:/usr/local/bin:/usr/local/bin:/usr/local/bin:/usr/local/bin:/usr/local/bin:/usr/local/bin:/usr/local/bin:/usr/local/bin:/usr/local/bin:/usr/local/bin:/usr/local/bin:/usr/local/bin:/usr/local/bin:/usr/local/bin:/usr/local/bin:/usr/local/bin:/usr/local/bin:/usr/local/bin:/usr/local/bin:/usr/local/bin:/usr/local/bin:/usr/local/bin:/usr/local/bin:/usr/local/bin:/usr/local/bin:/usr/local/bin:/usr/local/bin:/usr/local/bin:/usr/local/bin:/usr/local/bin:/usr/local/bin:/usr/local/bin:/usr/local/bin:/usr/local/bin:/usr/local/bin:/usr/local/bin:/usr/local/bin:/usr/local/bin:/usr/local/bin:/usr/local/bin:/usr/local/bin:/usr/local/bin:/usr/local/bin:/usr/local/bin:/usr/local/bin:/usr/local/bin:/usr/local/bin:/usr/local/bin:/usr/local/bin:/usr/local/bin:/usr/local/bin:/usr/local/bin:/usr/local/bin:/usr/local/bin:/usr/local/bin:/usr/local/bin:/usr/local/bin:/usr/local/bin:/usr/local/bin:/usr/local/bin:/usr/local/bin:/usr/local/bin:/usr/local/bin:/usr/local/bin:/usr/local/bin:/usr/local/bin:/usr/local/bin:/usr/local/bin:/usr/local/bin:/usr/local/bin:/usr/local/bin:/usr/local/bin:/usr/local/bin:/usr/local/bin:/usr/local/bin:/usr/local/bin:/usr/local/bin:/usr/local/bin:/usr/local/bin:/usr/local/bin:/usr/local/bin:/usr/local/bin:/usr/local/bin:/usr/local/bin:/usr/local/bin:/usr/local/bin:/usr/local/bin:/usr/local/bin:/usr/local/bin:/usr/local/bin:/usr/local/bin:/usr/local/bin:/usr/local/bin:/usr/local/bin:/usr/local/bin:/usr/local/bin:/usr/local/bin:/usr/local/bin:/usr/local/bin:/usr/local/bin:/usr/local/bin:/usr/local/bin:/usr/local/bin:/usr/local/bin:/usr/local/bin:/usr/local/bin:/usr/local/bin:/usr/local/bin:/usr/local/bin:/usr/local/bin:/usr/local/bin:/usr/local/bin:/usr/local/bin:/usr/local/bin:/usr/local/bin:/usr/local/bin:/usr/local/bin:/usr/local/bin:/usr/local/bin:/usr/local/bin:/usr/local/bin:/usr/local/bin:/usr/local/bin:/usr/local/bin:/usr/local/bin:/usr/local/bin:/usr/local/bin:/usr/local/bin:/usr/local/bin:/usr/local/bin:/usr/local/bin:/usr/local/bin:/usr/local/bin:/usr/local/bin:/usr/local/bin:/usr/local/bin:/usr/local/bin:/usr/local/bin:/usr/local/bin:/usr/local/bin:/usr/local/bin:/usr/local/bin:/usr/local/bin:/usr/local/bin:/usr/local/bin:/usr/local/bin:/usr/local/bin:/usr/local/bin:/usr/local/bin:/usr/local/bin:/usr/local/bin:/usr/local/bin:/usr/local/bin:/usr/local/bin:/usr/local/bin:/usr/local/bin:/usr/local/bin:/usr/local/bin:/usr/local/bin:/usr/local/bin:/usr/local/bin:/usr/local/bin:/usr/local/bin:/usr/local/bin:/usr/local/bin:/usr/local/bin:/usr/local/bin:/usr/local/bin:/usr/local/bin:/usr/local/bin:/usr/local/bin:/usr/local/bin:/usr/local/bin:/usr/local/bin:/usr/local/bin:/usr/local/bin:/usr/local/bin:/usr/local/bin:/usr/local/bin:/usr/local/bin:/usr/local/bin:/usr/local/bin:/usr/local/bin:/usr/local/bin:/usr/local/bin:/usr/local/bin:/usr/local/bin:/usr/local/bin:/usr/local/bin:/usr/local/bin:/usr/local/bin:/usr/local/bin:/usr/local/bin:/usr/local/bin:/usr/local/bin:/usr/local/bin:/usr/local/bin:/usr/local/bin:/usr/local/bin:/usr/local/bin:/usr/local/bin:/usr/local/bin:/usr/local/bin:/usr/local/bin:/usr/local/bin:/usr/local/bin:/usr/local/bin:/usr/local/bin:/usr/local/bin:/usr/local/bin:/usr/local/bin:/usr/local/bin:/usr/local/bin:/usr/local/bin:/usr/local/bin:/usr/local/bin:/Users/viniciuscarvalho/.nvm/versions/node/v22.18.0/bin:/opt/homebrew/bin:/usr/local/bin:/System/Cryptexes/App/usr/bin:/usr/bin:/bin:/usr/sbin:/sbin:/var/run/com.apple.security.cryptexd/codex.system/bootstrap/usr/local/bin:/var/run/com.apple.security.cryptexd/codex.system/bootstrap/usr/bin:/var/run/com.apple.security.cryptexd/codex.system/bootstrap/usr/appleinternal/bin:/Library/Apple/usr/bin:/Applications/iTerm.app/Contents/Resources/utilities"
    export PWD=/Users/viniciuscarvalho/Documents/Social/SocialApp/SocialApp
    export RUN_DESTINATION_DEVICE_MODEL=GenericiOS
    export RUN_DESTINATION_DEVICE_NAME="Any iOS Device"
    export RUN_DESTINATION_DEVICE_PLATFORM_IDENTIFIER=com.apple.platform.iphoneos
    export RUN_DESTINATION_DEVICE_PLATFORM_NAME=iphoneos
    export RUN_DESTINATION_DEVICE_UDID="dvtdevice-DVTiPhonePlaceholder-iphoneos:placeholder"
    export SCHEME_ACTION_NAME="Push build insights"
    export SCHEME_NAME=SocialApp
    export SECURITYSESSIONID=186b7
    export SHELL=/bin/zsh
    export SHLVL=1
    export SSH_AUTH_SOCK=/private/tmp/com.apple.launchd.miki0oJbeq/Listeners
    export TERM=dumb
    export TMPDIR=/var/folders/hr/28fc07z117n_jxjcfw0f5_2c0000gn/T/
    export USER=viniciuscarvalho
    export VSCODE_CODE_CACHE_PATH="/Users/viniciuscarvalho/Library/Application Support/Cursor/CachedData/ba90f2f88e4911312761abab9492c42442117cf0"
    export VSCODE_CRASH_REPORTER_PROCESS_TYPE=extensionHost
    export VSCODE_CWD=/
    export VSCODE_ESM_ENTRYPOINT=vs/workbench/api/node/extensionHostProcess
    export VSCODE_HANDLES_UNCAUGHT_ERRORS=true
    export VSCODE_IPC_HOOK="/Users/viniciuscarvalho/Library/Application Support/Cursor/2.0.-main.sock"
    export VSCODE_L10N_BUNDLE_LOCATION="file:///Users/viniciuscarvalho/.cursor/extensions/ms-ceintl.vscode-language-pack-pt-br-1.99.0-universal/translations/extensions/vscode.markdown-language-features.i18n.json"
    export VSCODE_NLS_CONFIG="{\"userLocale\":\"pt-br\",\"osLocale\":\"pt-br\",\"resolvedLanguage\":\"pt-br\",\"defaultMessagesFile\":\"/Applications/Cursor.app/Contents/Resources/app/out/nls.messages.json\",\"languagePack\":{\"translationsConfigFile\":\"/Users/viniciuscarvalho/Library/Application Support/Cursor/clp/a7251623f8f7cd1ced8e8f0f3e0d56fe.pt-br/tcf.json\",\"messagesFile\":\"/Users/viniciuscarvalho/Library/Application Support/Cursor/clp/a7251623f8f7cd1ced8e8f0f3e0d56fe.pt-br/ba90f2f88e4911312761abab9492c42442117cf0/nls.messages.json\",\"corruptMarkerFile\":\"/Users/viniciuscarvalho/Library/Application Support/Cursor/clp/a7251623f8f7cd1ced8e8f0f3e0d56fe.pt-br/corrupted.info\"},\"locale\":\"pt-br\",\"availableLanguages\":{\"*\":\"pt-br\"},\"_languagePackId\":\"a7251623f8f7cd1ced8e8f0f3e0d56fe.pt-br\",\"_languagePackSupport\":true,\"_translationsConfigFile\":\"/Users/viniciuscarvalho/Library/Application Support/Cursor/clp/a7251623f8f7cd1ced8e8f0f3e0d56fe.pt-br/tcf.json\",\"_cacheRoot\":\"/Users/viniciuscarvalho/Library/Application Support/Cursor/clp/a7251623f8f7cd1ced8e8f0f3e0d56fe.pt-br\",\"_resolvedLanguagePackCoreLocation\":\"/Users/viniciuscarvalho/Library/Application Support/Cursor/clp/a7251623f8f7cd1ced8e8f0f3e0d56fe.pt-br/ba90f2f88e4911312761abab9492c42442117cf0\",\"_corruptedFile\":\"/Users/viniciuscarvalho/Library/Application Support/Cursor/clp/a7251623f8f7cd1ced8e8f0f3e0d56fe.pt-br/corrupted.info\"}"
    export VSCODE_PID=4917
    export VSCODE_PROCESS_TITLE="extension-host  [1-1]"
    export WORKSPACE_PATH=/Users/viniciuscarvalho/Documents/Social/SocialApp/SocialApp/SocialApp.xcworkspace
    export XPC_FLAGS=0x0
    export XPC_SERVICE_NAME=0
    export ZSH=/Users/viniciuscarvalho/.oh-my-zsh
    export _=/usr/bin/xcodebuild
    export __CFBundleIdentifier=com.todesktop.230313mzl4w4u92
    export __CF_USER_TEXT_ENCODING="0x1F5:0x0:0x47"
    /bin/sh -c /var/folders/hr/28fc07z117n_jxjcfw0f5_2c0000gn/T/SchemeScriptAction-G6A5oZ.sh

** BUILD FAILED **


The following build commands failed:
	SwiftEmitModule normal arm64 Emitting\ module\ for\ SocialApp (in target 'SocialApp' from project 'SocialApp')
	EmitSwiftModule normal arm64 (in target 'SocialApp' from project 'SocialApp')
	Building workspace SocialApp with scheme SocialApp and configuration Debug
(3 failures)
